Source,Destination,Source Coordinates,Destination Coordinates,Total Distance (m),Total Duration (seconds),Onroad Duration (seconds),Charging Duration (seconds),Number of Stops,Distance (km),Total Hours,Total Minutes,Total Seconds,Charging Hours,Charging Minutes,Charging Seconds,Onroad Hours,Onroad Minutes,Onroad Seconds,Price
Agra,Delhi,"27.1752554,78.0098161","28.6273928,77.1716954",209076,16712,14513,2199,1,209.076,4,38,32,0,36,39,4,1,53,440.076
Agra,Jaipur,"27.1752554,78.0098161","26.9154576,75.8189817",398610,27690,21894,5796,2,398.61,7,41,30,1,36,36,6,4,54,860.61
Ahmedabad,Amritsar,"23.0216238,72.5797068","31.6343083,74.8736788",1378073,107525,73187,34338,11,1378.073,29,52,5,9,32,18,20,19,47,3919.0730000000003
Ahmedabad,Belgaum,"23.0216238,72.5797068","15.8572666,74.5069343",1002238,72132,52346,19786,7,1002.238,20,2,12,5,29,46,14,32,26,2619.2380000000003
Ahmedabad,Bhavnagar,"23.0216238,72.5797068","21.7718836,72.1416449",174370,13090,11624,1466,1,174.37,3,38,10,0,24,26,3,13,44,405.37
Ahmedabad,Bhubaneswar,"23.0216238,72.5797068","20.2602964,85.8394521",5294082,455541,394714,60827,22,5294.082,126,32,21,16,53,47,109,38,34,10376.082
Ahmedabad,Chandigarh,"23.0216238,72.5797068","30.7334421,76.7797143",1168055,92814,62773,30041,10,1168.055,25,46,54,8,20,41,17,26,13,3478.0550000000003
Ahmedabad,Chennai,"23.0216238,72.5797068","13.0836939,80.270186",1848257,140679,95093,45586,14,1848.257,39,4,39,12,39,46,26,24,53,5082.257
Ahmedabad,Coimbatore,"23.0216238,72.5797068","11.0018115,76.9628425",1889247,140286,94165,46121,14,1889.247,38,58,6,12,48,41,26,9,25,5123.247
Ahmedabad,Dehradun,"23.0216238,72.5797068","30.3255646,78.0436813",1182222,95933,65419,30514,10,1182.222,26,38,53,8,28,34,18,10,19,3492.2219999999998
Ahmedabad,Delhi,"23.0216238,72.5797068","28.6273928,77.1716954",923123,77056,51724,25332,8,923.123,21,24,16,7,2,12,14,22,4,2771.123
Ahmedabad,Goa,"23.0216238,72.5797068","15.3004543,74.0855134",1115866,85513,62497,23016,8,1115.866,23,45,13,6,23,36,17,21,37,2963.866
Ahmedabad,Hubli,"23.0216238,72.5797068","15.3518378,75.1379848",1097533,79222,57032,22190,8,1097.533,22,0,22,6,9,50,15,50,32,2945.533
Ahmedabad,Hyderabad,"23.0216238,72.5797068","17.360589,78.4740613",1236098,94693,65468,29225,10,1236.098,26,18,13,8,7,5,18,11,8,3546.098
Ahmedabad,Jaipur,"23.0216238,72.5797068","26.9154576,75.8189817",662066,55720,35686,20034,6,662.066,15,28,40,5,33,54,9,54,46,2048.066
Ahmedabad,Jammu,"23.0216238,72.5797068","32.7185614,74.8580917",1514581,118155,79907,38248,12,1514.581,32,49,15,10,37,28,22,11,47,4286.581
Ahmedabad,Jodhpur,"23.0216238,72.5797068","26.2967719,73.0351433",470024,34995,24900,10095,3,470.024,9,43,15,2,48,15,6,55,0,1163.024
Ahmedabad,Kannur,"23.0216238,72.5797068","11.8763836,75.3737973",1772987,139540,94739,44801,13,1772.987,38,45,40,12,26,41,26,18,59,4775.987
Ahmedabad,Keshod,"23.0216238,72.5797068","21.31486295,70.26789366226589",359840,28601,22310,6291,3,359.84,7,56,41,1,44,51,6,11,50,1052.84
Ahmedabad,Kochi,"23.0216238,72.5797068","9.9674277,76.2454436",2087130,158448,106603,51845,16,2087.13,44,0,48,14,24,5,29,36,43,5783.13
Ahmedabad,Kolkata,"23.0216238,72.5797068","22.5726459,88.3638953",4822836,411024,362771,48253,18,4822.836,114,10,24,13,24,13,100,46,11,8980.836
Ahmedabad,Mumbai,"23.0216238,72.5797068","19.08157715,72.88662753964906",526218,37476,27883,9593,3,526.218,10,24,36,2,39,53,7,44,43,1219.2179999999998
Ahmedabad,Nagpur,"23.0216238,72.5797068","21.1498134,79.0820556",1681985,129125,86892,42233,12,1681.985,35,52,5,11,43,53,24,8,12,4453.985
Ahmedabad,Porbandar,"23.0216238,72.5797068","21.6409,69.611",428012,35000,26729,8271,3,428.012,9,43,20,2,17,51,7,25,29,1121.012
Ahmedabad,Pune,"23.0216238,72.5797068","18.521428,73.8544541",667761,47117,35615,11502,4,667.761,13,5,17,3,11,42,9,53,35,1591.761
Ahmedabad,Raipur,"23.0216238,72.5797068","21.2380912,81.6336993",1969518,153604,103236,50368,14,1969.518,42,40,4,13,59,28,28,40,36,5203.518
Ahmedabad,Ranchi,"23.0216238,72.5797068","23.3700501,85.3250387",5254594,450940,391177,59763,21,5254.594,125,15,40,16,36,3,108,39,37,10105.594000000001
Ahmedabad,Udaipur,"23.0216238,72.5797068","24.578721,73.6862571",262424,20490,14994,5496,2,262.424,5,41,30,1,31,36,4,9,54,724.424
Ahmedabad,Vadodara,"23.0216238,72.5797068","22.2973142,73.1942567",112101,7563,6902,661,1,112.101,2,6,3,0,11,1,1,55,2,343.101
Amritsar,Ahmedabad,"31.6343083,74.8736788","23.0216238,72.5797068",1401505,110675,73627,37048,12,1401.505,30,44,35,10,17,28,20,27,7,4173.505
Amritsar,Chennai,"31.6343083,74.8736788","13.0836939,80.270186",3236914,254745,170271,84474,27,3236.914,70,45,45,23,27,54,47,17,51,9473.914
Amritsar,Dehradun,"31.6343083,74.8736788","30.3255646,78.0436813",453838,32796,23857,8939,2,453.838,9,6,36,2,28,59,6,37,37,915.838
Amritsar,Delhi,"31.6343083,74.8736788","28.6273928,77.1716954",462853,33338,24399,8939,2,462.853,9,15,38,2,28,59,6,46,39,924.8530000000001
Amritsar,Goa,"31.6343083,74.8736788","15.3004543,74.0855134",2505715,198397,135822,62575,21,2505.715,55,6,37,17,22,55,37,43,42,7356.715
Amritsar,Hyderabad,"31.6343083,74.8736788","17.360589,78.4740613",2624651,207172,137673,69499,23,2624.651,57,32,52,19,18,19,38,14,33,7937.651
Amritsar,Jaipur,"31.6343083,74.8736788","26.9154576,75.8189817",717372,50026,35330,14696,4,717.372,13,53,46,4,4,56,9,48,50,1641.3719999999998
Amritsar,Mumbai,"31.6343083,74.8736788","19.08157715,72.88662753964906",1921770,149577,99696,49881,16,1921.77,41,32,57,13,51,21,27,41,36,5617.77
Bagdogra,Bagdogra,"26.6988847,88.3200303","26.6988847,88.3200303",0,0,0,0,0,0.0,0,0,0,0,0,0,0,0,0,0.0
Belgaum,Ahmedabad,"15.8572666,74.5069343","23.0216238,72.5797068",996659,74285,53344,20941,7,996.659,20,38,5,5,49,1,14,49,4,2613.659
Belgaum,Hyderabad,"15.8572666,74.5069343","17.360589,78.4740613",632109,50910,34076,16834,5,632.109,14,8,30,4,40,34,9,27,56,1787.109
Belgaum,Kadapa,"15.8572666,74.5069343","14.4752936,78.8216861",704899,64800,41397,23403,5,704.899,18,0,0,6,30,3,11,29,57,1859.899
Belgaum,Mumbai,"15.8572666,74.5069343","19.08157715,72.88662753964906",480566,35036,26020,9016,3,480.566,9,43,56,2,30,16,7,13,40,1173.566
Belgaum,Mysore,"15.8572666,74.5069343","12.3051828,76.6553609",635413,49783,30610,19173,5,635.413,13,49,43,5,19,33,8,30,10,1790.413
Belgaum,Pune,"15.8572666,74.5069343","18.521428,73.8544541",336232,25242,18861,6381,2,336.232,7,0,42,1,46,21,5,14,21,798.232
Belgaum,Tirupati,"15.8572666,74.5069343","13.6316368,79.4231711",776554,58155,37370,20785,7,776.554,16,9,15,5,46,25,10,22,50,2393.554
Bengaluru,Agra,"12.9767936,77.590082","27.1752554,78.0098161",2549332,201356,133164,68192,20,2549.332,55,55,56,18,56,32,36,59,24,7169.332
Bengaluru,Amritsar,"12.9767936,77.590082","31.6343083,74.8736788",2863521,221030,146771,74259,22,2863.521,61,23,50,20,37,39,40,46,11,7945.521000000001
Bengaluru,Belgaum,"12.9767936,77.590082","15.8572666,74.5069343",513418,42033,25007,17026,4,513.418,11,40,33,4,43,46,6,56,47,1437.4180000000001
Bengaluru,Bhubaneswar,"12.9767936,77.590082","20.2602964,85.8394521",3866799,351207,329394,21813,8,3866.799,97,33,27,6,3,33,91,29,54,5714.799
Bengaluru,Calicut,"12.9767936,77.590082","11.2450558,75.7754716",401471,36411,28664,7747,3,401.471,10,6,51,2,9,7,7,57,44,1094.471
Bengaluru,Chandigarh,"12.9767936,77.590082","30.7334421,76.7797143",2653260,207613,137494,70119,20,2653.26,57,40,13,19,28,39,38,11,34,7273.26
Bengaluru,Chennai,"12.9767936,77.590082","13.0836939,80.270186",339876,27478,20982,6496,2,339.876,7,37,58,1,48,16,5,49,42,801.876
Bengaluru,Coimbatore,"12.9767936,77.590082","11.0018115,76.9628425",365428,27003,19776,7227,2,365.428,7,30,3,2,0,27,5,29,36,827.428
Bengaluru,Dehradun,"12.9767936,77.590082","30.3255646,78.0436813",2677921,211266,140533,70733,22,2677.921,58,41,6,19,38,53,39,2,13,7759.921
Bengaluru,Delhi,"12.9767936,77.590082","28.6273928,77.1716954",2408411,193787,128288,65499,19,2408.411,53,49,47,18,11,39,35,38,8,6797.411
Bengaluru,Goa,"12.9767936,77.590082","15.3004543,74.0855134",573401,49310,32021,17289,4,573.401,13,41,50,4,48,9,8,53,41,1497.4009999999998
Bengaluru,Gwalior,"12.9767936,77.590082","26.2037247,78.1573628",2663947,209872,138890,70982,21,2663.947,58,17,52,19,43,2,38,34,50,7514.947
Bengaluru,Hubli,"12.9767936,77.590082","15.3518378,75.1379848",417560,32089,19760,12329,3,417.56,8,54,49,3,25,29,5,29,20,1110.56
Bengaluru,Hyderabad,"12.9767936,77.590082","17.360589,78.4740613",568279,38808,27230,11578,4,568.279,10,46,48,3,12,58,7,33,50,1492.279
Bengaluru,Jaipur,"12.9767936,77.590082","26.9154576,75.8189817",2151502,174009,112628,61381,17,2151.502,48,20,9,17,3,1,31,17,8,6078.502
Bengaluru,Jodhpur,"12.9767936,77.590082","26.2967719,73.0351433",1977262,150706,101588,49118,14,1977.262,41,51,46,13,38,38,28,13,8,5211.262
Bengaluru,Kannur,"12.9767936,77.590082","11.8763836,75.3737973",325461,30155,22986,7169,3,325.461,8,22,35,1,59,29,6,23,6,1018.461
Bengaluru,Kochi,"12.9767936,77.590082","9.9674277,76.2454436",561259,41268,29826,11442,3,561.259,11,27,48,3,10,42,8,17,6,1254.259
Bengaluru,Kolhapur,"12.9767936,77.590082","16.7028412,74.2405329",619367,48221,29537,18684,4,619.367,13,23,41,5,11,24,8,12,17,1543.367
Bengaluru,Kolkata,"12.9767936,77.590082","22.5726459,88.3638953",3399883,306154,297582,8572,5,3399.883,85,2,34,2,22,52,82,39,42,4554.883
Bengaluru,Madurai,"12.9767936,77.590082","9.9261153,78.1140983",482912,39606,27791,11815,3,482.912,11,0,6,3,16,55,7,43,11,1175.912
Bengaluru,Mangalore,"12.9767936,77.590082","12.8698101,74.8430082",394016,38622,26831,11791,3,394.016,10,43,42,3,16,31,7,27,11,1087.016
Bengaluru,Mumbai,"12.9767936,77.590082","19.08157715,72.88662753964906",990382,75161,49288,25873,7,990.382,20,52,41,7,11,13,13,41,28,2607.382
Bengaluru,Mysore,"12.9767936,77.590082","12.3051828,76.6553609",146987,10535,8931,1604,1,146.987,2,55,35,0,26,44,2,28,51,377.98699999999997
Bengaluru,Nagpur,"12.9767936,77.590082","21.1498134,79.0820556",1082268,76587,52882,23705,7,1082.268,21,16,27,6,35,5,14,41,22,2699.268
Bengaluru,Pondicherry,"12.9767936,77.590082","10.91564885,79.80694879844232",501660,45762,32958,12804,3,501.66,12,42,42,3,33,24,9,9,18,1194.66
Bengaluru,Port Blair,"12.9767936,77.590082","11.6645348,92.7390448",1860337,166501,158516,7985,3,1860.337,46,15,1,2,13,5,44,1,56,2553.337
Bengaluru,Pune,"12.9767936,77.590082","18.521428,73.8544541",844361,64931,40812,24119,6,844.361,18,2,11,6,41,59,11,20,12,2230.361
Bengaluru,Raipur,"12.9767936,77.590082","21.2380912,81.6336993",1369801,102276,69672,32604,9,1369.801,28,24,36,9,3,24,19,21,12,3448.801
Bengaluru,Rajahmundry,"12.9767936,77.590082","17.0050454,81.7804732",827424,63933,43367,20566,6,827.424,17,45,33,5,42,46,12,2,47,2213.424
Bengaluru,Ranchi,"12.9767936,77.590082","23.3700501,85.3250387",3831497,346649,325470,21179,8,3831.497,96,17,29,5,52,59,90,24,30,5679.496999999999
Bengaluru,Thiruvananthapuram,"12.9767936,77.590082","8.4882267,76.947551",755665,58069,41295,16774,4,755.665,16,7,49,4,39,34,11,28,15,1679.665
Bengaluru,Tiruchirappalli,"12.9767936,77.590082","10.804973,78.6870296",342957,28309,21372,6937,2,342.957,7,51,49,1,55,37,5,56,12,804.957
Bengaluru,Tirupati,"12.9767936,77.590082","13.6316368,79.4231711",256475,19063,14681,4382,2,256.475,5,17,43,1,13,2,4,4,41,718.475
Bengaluru,Tuticorin,"12.9767936,77.590082","8.8052602,78.1452745",631768,51226,35334,15892,4,631.768,14,13,46,4,24,52,9,48,54,1555.768
Bengaluru,Udaipur,"12.9767936,77.590082","24.578721,73.6862571",1751860,136189,89712,46477,13,1751.86,37,49,49,12,54,37,24,55,12,4754.86
Bengaluru,Vadodara,"12.9767936,77.590082","22.2973142,73.1942567",1391646,106803,72083,34720,10,1391.646,29,40,3,9,38,40,20,1,23,3701.6459999999997
Bengaluru,Vijayawada,"12.9767936,77.590082","16.5087573,80.6185089",670407,51196,34880,16316,5,670.407,14,13,16,4,31,56,9,41,20,1825.4070000000002
Bengaluru,Visakhapatnam,"12.9767936,77.590082","17.7231276,83.3012842",1039041,84956,56805,28151,8,1039.041,23,35,56,7,49,11,15,46,45,2887.041
Bhatinda,Delhi,"30.25,75.0","28.6273928,77.1716954",419102,28944,21829,7115,2,419.102,8,2,24,1,58,35,6,3,49,881.102
Bhatinda,Jammu,"30.25,75.0","32.7185614,74.8580917",449518,35207,25119,10088,2,449.518,9,46,47,2,48,8,6,58,39,911.518
Bhavnagar,Ahmedabad,"21.7718836,72.1416449","23.0216238,72.5797068",293664,22922,18510,4412,3,293.664,6,22,2,1,13,32,5,8,30,986.664
Bhavnagar,Mumbai,"21.7718836,72.1416449","19.08157715,72.88662753964906",435177,35995,26729,9266,4,435.177,9,59,55,2,34,26,7,25,29,1359.1770000000001
Bhopal,Agra,"23.2584857,77.401989","27.1752554,78.0098161",1634528,131382,88307,43075,13,1634.528,36,29,42,11,57,55,24,31,47,4637.528
Bhopal,Ahmedabad,"23.2584857,77.401989","23.0216238,72.5797068",587110,47385,34069,13316,4,587.11,13,9,45,3,41,56,9,27,49,1511.1100000000001
Bhopal,Bengaluru,"23.2584857,77.401989","12.9767936,77.590082",1920635,148998,101317,47681,15,1920.635,41,23,18,13,14,41,28,8,37,5385.635
Bhopal,Bhopal,"23.2584857,77.401989","23.2584857,77.401989",0,0,0,0,0,0.0,0,0,0,0,0,0,0,0,0,0.0
Bhopal,Chennai,"23.2584857,77.401989","13.0836939,80.270186",2257493,178576,123242,55334,17,2257.493,49,36,16,15,22,14,34,14,2,6184.493
Bhopal,Delhi,"23.2584857,77.401989","28.6273928,77.1716954",1493607,123405,82669,40736,12,1493.607,34,16,45,11,18,56,22,57,49,4265.607
Bhopal,Hyderabad,"23.2584857,77.401989","17.360589,78.4740613",1644145,129475,89554,39921,13,1644.145,35,57,55,11,5,21,24,52,34,4647.145
Bhopal,Jaipur,"23.2584857,77.401989","26.9154576,75.8189817",1231464,105726,69868,35858,10,1231.464,29,22,6,9,57,38,19,24,28,3541.464
Bhopal,Kolkata,"23.2584857,77.401989","22.5726459,88.3638953",5224963,447901,388528,59373,21,5224.963,124,25,1,16,29,33,107,55,28,10075.963
Bhopal,Mumbai,"23.2584857,77.401989","19.08157715,72.88662753964906",939140,73912,52205,21707,6,939.14,20,31,52,6,1,47,14,30,5,2325.14
Bhopal,Nagpur,"23.2584857,77.401989","21.1498134,79.0820556",2083878,164005,111205,52800,15,2083.878,45,33,25,14,40,0,30,53,25,5548.878000000001
Bhopal,Pune,"23.2584857,77.401989","18.521428,73.8544541",1077768,83584,60907,22677,7,1077.768,23,13,4,6,17,57,16,55,7,2694.768
Bhopal,Udaipur,"23.2584857,77.401989","24.578721,73.6862571",831822,67989,47220,20769,6,831.822,18,53,9,5,46,9,13,7,0,2217.822
Bhubaneswar,Ahmedabad,"20.2602964,85.8394521","23.0216238,72.5797068",5305648,459480,398537,60943,19,5305.648,127,38,0,16,55,43,110,42,17,9694.648000000001
Bhubaneswar,Bengaluru,"20.2602964,85.8394521","12.9767936,77.590082",3867474,353467,330269,23198,8,3867.474,98,11,7,6,26,38,91,44,29,5715.474
Bhubaneswar,Chennai,"20.2602964,85.8394521","13.0836939,80.270186",3531713,321299,307811,13488,5,3531.713,89,14,59,3,44,48,85,30,11,4686.713
Bhubaneswar,Delhi,"20.2602964,85.8394521","28.6273928,77.1716954",6208906,536846,448702,88144,27,6208.906,149,7,26,24,29,4,124,38,22,12445.905999999999
Bhubaneswar,Hyderabad,"20.2602964,85.8394521","17.360589,78.4740613",4036037,362967,331852,31115,9,4036.037,100,49,27,8,38,35,92,10,52,6115.037
Bhubaneswar,Kochi,"20.2602964,85.8394521","9.9674277,76.2454436",4264373,382426,348004,34422,11,4264.373,106,13,46,9,33,42,96,40,4,6805.373
Bhubaneswar,Kolkata,"20.2602964,85.8394521","22.5726459,88.3638953",480656,43589,32209,11380,2,480.656,12,6,29,3,9,40,8,56,49,942.656
Bhubaneswar,Mumbai,"20.2602964,85.8394521","19.08157715,72.88662753964906",4779640,419068,370164,48904,15,4779.64,116,24,28,13,35,4,102,49,24,8244.64
Bhubaneswar,Nagpur,"20.2602964,85.8394521","21.1498134,79.0820556",4535361,399357,353513,45844,12,4535.361,110,55,57,12,44,4,98,11,53,7307.361
Bhubaneswar,Pune,"20.2602964,85.8394521","18.521428,73.8544541",4629956,406946,360359,46587,14,4629.956,113,2,26,12,56,27,100,5,59,7863.956
Bhubaneswar,Raipur,"20.2602964,85.8394521","21.2380912,81.6336993",4823909,427026,372029,54997,15,4823.909,118,37,6,15,16,37,103,20,29,8288.909
Bhubaneswar,Ranchi,"20.2602964,85.8394521","23.3700501,85.3250387",826637,82364,58186,24178,5,826.637,22,52,44,6,42,58,16,9,46,1981.637
Bhubaneswar,Visakhapatnam,"20.2602964,85.8394521","17.7231276,83.3012842",3397644,308471,295226,13245,5,3397.644,85,41,11,3,40,45,82,0,26,4552.644
Calicut,Chennai,"11.2450558,75.7754716","13.0836939,80.270186",712482,59008,40331,18677,5,712.482,16,23,28,5,11,17,11,12,11,1867.482
Calicut,Delhi,"11.2450558,75.7754716","28.6273928,77.1716954",2754995,224832,149485,75347,22,2754.995,62,27,12,20,55,47,41,31,25,7836.995
Calicut,Hyderabad,"11.2450558,75.7754716","17.360589,78.4740613",961384,76841,53614,23227,7,961.384,21,20,41,6,27,7,14,53,34,2578.384
Calicut,Kannur,"11.2450558,75.7754716","11.8763836,75.3737973",91393,8685,8685,0,0,91.393,2,24,45,0,0,0,2,24,45,91.393
Calicut,Kochi,"11.2450558,75.7754716","9.9674277,76.2454436",169279,18755,14878,3877,2,169.279,5,12,35,1,4,37,4,7,58,631.279
Calicut,Mumbai,"11.2450558,75.7754716","19.08157715,72.88662753964906",1325237,112009,75806,36203,10,1325.237,31,6,49,10,3,23,21,3,26,3635.237
Chandigarh,Ahmedabad,"30.7334421,76.7797143","23.0216238,72.5797068",1174271,91144,62082,29062,10,1174.271,25,19,4,8,4,22,17,14,42,3484.2709999999997
Chandigarh,Chennai,"30.7334421,76.7797143","13.0836939,80.270186",3006241,231970,155108,76862,24,3006.241,64,26,10,21,21,2,43,5,8,8550.241
Chandigarh,Delhi,"30.7334421,76.7797143","28.6273928,77.1716954",256354,20160,16283,3877,3,256.354,5,36,0,1,4,37,4,31,23,949.354
Chandigarh,Goa,"30.7334421,76.7797143","15.3004543,74.0855134",2276137,177730,122881,54849,18,2276.137,49,22,10,15,14,9,34,8,1,6434.137000000001
Chandigarh,Hyderabad,"30.7334421,76.7797143","17.360589,78.4740613",2396516,186554,125803,60751,20,2396.516,51,49,14,16,52,31,34,56,43,7016.516
Chandigarh,Jaipur,"30.7334421,76.7797143","26.9154576,75.8189817",512838,34437,26363,8074,3,512.838,9,33,57,2,14,34,7,19,23,1205.838
Chandigarh,Jammu,"30.7334421,76.7797143","32.7185614,74.8580917",375733,28113,20950,7163,3,375.733,7,48,33,1,59,23,5,49,10,1068.733
Chandigarh,Kolkata,"30.7334421,76.7797143","22.5726459,88.3638953",5977090,501692,422321,79371,28,5977.09,139,21,32,22,2,51,117,18,41,12445.09
Chandigarh,Mumbai,"30.7334421,76.7797143","19.08157715,72.88662753964906",1686324,128882,87590,41292,13,1686.324,35,48,2,11,28,12,24,19,50,4689.3240000000005
Chandigarh,Pune,"30.7334421,76.7797143","18.521428,73.8544541",1828884,138537,95314,43223,14,1828.884,38,28,57,12,0,23,26,28,34,5062.884
Chandigarh,Shimla,"30.7334421,76.7797143","31.1041526,77.1709729",109775,12525,9958,2567,1,109.775,3,28,45,0,42,47,2,45,58,340.775
Chennai,Ahmedabad,"13.0836939,80.270186","23.0216238,72.5797068",1836232,140930,96543,44387,14,1836.232,39,8,50,12,19,47,26,49,3,5070.232
Chennai,Amritsar,"13.0836939,80.270186","31.6343083,74.8736788",3205924,248320,166166,82154,25,3205.924,68,58,40,22,49,14,46,9,26,8980.923999999999
Chennai,Bengaluru,"13.0836939,80.270186","12.9767936,77.590082",337241,28543,20840,7703,2,337.241,7,55,43,2,8,23,5,47,20,799.241
Chennai,Bhubaneswar,"13.0836939,80.270186","20.2602964,85.8394521",3527699,320696,307125,13571,6,3527.699,89,4,56,3,46,11,85,18,45,4913.6990000000005
Chennai,Calicut,"13.0836939,80.270186","11.2450558,75.7754716",720057,59712,41031,18681,6,720.057,16,35,12,5,11,21,11,23,51,2106.057
Chennai,Chandigarh,"13.0836939,80.270186","30.7334421,76.7797143",2995722,232852,155378,77474,23,2995.722,64,40,52,21,31,14,43,9,38,8308.722
Chennai,Coimbatore,"13.0836939,80.270186","11.0018115,76.9628425",537445,42864,28185,14679,5,537.445,11,54,24,4,4,39,7,49,45,1692.4450000000002
Chennai,Delhi,"13.0836939,80.270186","28.6273928,77.1716954",2744849,215666,143871,71795,21,2744.849,59,54,26,19,56,35,39,57,51,7595.849
Chennai,Goa,"13.0836939,80.270186","15.3004543,74.0855134",909718,76977,52098,24879,7,909.718,21,22,57,6,54,39,14,28,18,2526.718
Chennai,Hubli,"13.0836939,80.270186","15.3518378,75.1379848",752932,57588,38247,19341,6,752.932,15,59,48,5,22,21,10,37,27,2138.932
Chennai,Hyderabad,"13.0836939,80.270186","17.360589,78.4740613",632273,49493,34132,15361,5,632.273,13,44,53,4,16,1,9,28,52,1787.2730000000001
Chennai,Jaipur,"13.0836939,80.270186","26.9154576,75.8189817",2489655,199441,131950,67491,21,2489.655,55,24,1,18,44,51,36,39,10,7340.655000000001
Chennai,Jodhpur,"13.0836939,80.270186","26.2967719,73.0351433",2309574,179005,122821,56184,18,2309.574,49,43,25,15,36,24,34,7,1,6467.5740000000005
Chennai,Kadapa,"13.0836939,80.270186","14.4752936,78.8216861",266806,24571,19539,5032,2,266.806,6,49,31,1,23,52,5,25,39,728.806
Chennai,Kannur,"13.0836939,80.270186","11.8763836,75.3737973",657870,55149,41580,13569,5,657.87,15,19,9,3,46,9,11,33,0,1812.87
Chennai,Kochi,"13.0836939,80.270186","9.9674277,76.2454436",733698,57359,38681,18678,6,733.698,15,55,59,5,11,18,10,44,41,2119.698
Chennai,Kolkata,"13.0836939,80.270186","22.5726459,88.3638953",3060572,278827,277627,1200,2,3060.572,77,27,7,0,20,0,77,7,7,3522.572
Chennai,Madurai,"13.0836939,80.270186","9.9261153,78.1140983",467444,35501,24439,11062,3,467.444,9,51,41,3,4,22,6,47,19,1160.444
Chennai,Mangalore,"13.0836939,80.270186","12.8698101,74.8430082",731397,65089,46160,18929,6,731.397,18,4,49,5,15,29,12,49,20,2117.397
Chennai,Mumbai,"13.0836939,80.270186","19.08157715,72.88662753964906",1326907,104077,70974,33103,11,1326.907,28,54,37,9,11,43,19,42,54,3867.907
Chennai,Mysore,"13.0836939,80.270186","12.3051828,76.6553609",478359,37500,28195,9305,4,478.359,10,25,0,2,35,5,7,49,55,1402.359
Chennai,Nagpur,"13.0836939,80.270186","21.1498134,79.0820556",1144050,89875,58715,31160,9,1144.05,24,57,55,8,39,20,16,18,35,3223.05
Chennai,Port Blair,"13.0836939,80.270186","11.6645348,92.7390448",1521218,139282,138682,600,1,1521.218,38,41,22,0,10,0,38,31,22,1752.218
Chennai,Pune,"13.0836939,80.270186","18.521428,73.8544541",1179902,93678,62156,31522,9,1179.902,26,1,18,8,45,22,17,15,56,3258.902
Chennai,Raipur,"13.0836939,80.270186","21.2380912,81.6336993",1431583,114622,74673,39949,11,1431.583,31,50,22,11,5,49,20,44,33,3972.583
Chennai,Rajahmundry,"13.0836939,80.270186","17.0050454,81.7804732",611700,45763,31331,14432,5,611.7,12,42,43,4,0,32,8,42,11,1766.7
Chennai,Ranchi,"13.0836939,80.270186","23.3700501,85.3250387",3492387,315279,303686,11593,5,3492.387,87,34,39,3,13,13,84,21,26,4647.387000000001
Chennai,Thiruvananthapuram,"13.0836939,80.270186","8.4882267,76.947551",951339,82824,56760,26064,8,951.339,23,0,24,7,14,24,15,46,0,2799.339
Chennai,Tiruchirappalli,"13.0836939,80.270186","10.804973,78.6870296",334974,25051,18187,6864,2,334.974,6,57,31,1,54,24,5,3,7,796.9739999999999
Chennai,Tuticorin,"13.0836939,80.270186","8.8052602,78.1452745",616238,46985,31851,15134,4,616.238,13,3,5,4,12,14,8,50,51,1540.238
Chennai,Udaipur,"13.0836939,80.270186","24.578721,73.6862571",2089029,162864,110253,52611,17,2089.029,45,14,24,14,36,51,30,37,33,6016.029
Chennai,Vadodara,"13.0836939,80.270186","22.2973142,73.1942567",1722974,132225,90700,41525,13,1722.974,36,43,45,11,32,5,25,11,40,4725.974
Chennai,Vijayawada,"13.0836939,80.270186","16.5087573,80.6185089",454960,33553,23343,10210,4,454.96,9,19,13,2,50,10,6,29,3,1378.96
Chennai,Visakhapatnam,"13.0836939,80.270186","17.7231276,83.3012842",819744,64045,43387,20658,6,819.744,17,47,25,5,44,18,12,3,7,2205.744
Coimbatore,Ahmedabad,"11.0018115,76.9628425","23.0216238,72.5797068",1881709,141600,95863,45737,15,1881.709,39,20,0,12,42,17,26,37,43,5346.709
Coimbatore,Chennai,"11.0018115,76.9628425","13.0836939,80.270186",528994,40572,27027,13545,4,528.994,11,16,12,3,45,45,7,30,27,1452.9940000000001
Coimbatore,Coimbatore,"11.0018115,76.9628425","11.0018115,76.9628425",0,0,0,0,0,0.0,0,0,0,0,0,0,0,0,0,0.0
Coimbatore,Delhi,"11.0018115,76.9628425","28.6273928,77.1716954",2796291,217132,143803,73329,23,2796.291,60,18,52,20,22,9,39,56,43,8109.291
Coimbatore,Hyderabad,"11.0018115,76.9628425","17.360589,78.4740613",934504,68438,45741,22697,7,934.504,19,0,38,6,18,17,12,42,21,2551.504
Coimbatore,Kochi,"11.0018115,76.9628425","9.9674277,76.2454436",193991,16832,13817,3015,1,193.991,4,40,32,0,50,15,3,50,17,424.991
Coimbatore,Kolkata,"11.0018115,76.9628425","22.5726459,88.3638953",3588800,319509,303802,15707,7,3588.8,88,45,9,4,21,47,84,23,22,5205.8
Coimbatore,Mangalore,"11.0018115,76.9628425","12.8698101,74.8430082",410989,41130,31676,9454,4,410.989,11,25,30,2,37,34,8,47,56,1334.989
Coimbatore,Mumbai,"11.0018115,76.9628425","19.08157715,72.88662753964906",1371400,104000,69903,34097,11,1371.4,28,53,20,9,28,17,19,25,3,3912.4
Coimbatore,Pune,"11.0018115,76.9628425","18.521428,73.8544541",1225379,93842,61424,32418,10,1225.379,26,4,2,9,0,18,17,3,44,3535.379
Dehradun,Ahmedabad,"30.3255646,78.0436813","23.0216238,72.5797068",1188901,95035,64897,30138,11,1188.901,26,23,55,8,22,18,18,1,37,3729.901
Dehradun,Amritsar,"30.3255646,78.0436813","31.6343083,74.8736788",434953,30999,23202,7797,3,434.953,8,36,39,2,9,57,6,26,42,1127.953
Dehradun,Delhi,"30.3255646,78.0436813","28.6273928,77.1716954",276069,20737,16430,4307,2,276.069,5,45,37,1,11,47,4,33,50,738.069
Dehradun,Hyderabad,"30.3255646,78.0436813","17.360589,78.4740613",2411869,190184,128343,61841,21,2411.869,52,49,44,17,10,41,35,39,3,7262.869000000001
Dehradun,Jaipur,"30.3255646,78.0436813","26.9154576,75.8189817",528346,37612,28687,8925,4,528.346,10,26,52,2,28,45,7,58,7,1452.346
Dehradun,Jammu,"30.3255646,78.0436813","32.7185614,74.8580917",569279,41694,30042,11652,3,569.279,11,34,54,3,14,12,8,20,42,1262.279
Dehradun,Kolkata,"30.3255646,78.0436813","22.5726459,88.3638953",5993441,505539,425245,80294,29,5993.441,140,25,39,22,18,14,118,7,25,12692.440999999999
Dehradun,Mumbai,"30.3255646,78.0436813","19.08157715,72.88662753964906",1702052,132072,89780,42292,14,1702.052,36,41,12,11,44,52,24,56,20,4936.052
Dehradun,Pantnagar,"30.3255646,78.0436813","29.028405,79.4832094",414651,32556,22957,9599,3,414.651,9,2,36,2,39,59,6,22,37,1107.651
Delhi,Agra,"28.6273928,77.1716954","27.1752554,78.0098161",220570,15604,12391,3213,1,220.57,4,20,4,0,53,33,3,26,31,451.57
Delhi,Ahmedabad,"28.6273928,77.1716954","23.0216238,72.5797068",998350,79225,54767,24458,7,998.35,22,0,25,6,47,38,15,12,47,2615.35
Delhi,Amritsar,"28.6273928,77.1716954","31.6343083,74.8736788",464132,33435,24944,8491,4,464.132,9,17,15,2,21,31,6,55,44,1388.132
Delhi,Bhatinda,"28.6273928,77.1716954","30.25,75.0",372045,27910,19783,8127,2,372.045,7,45,10,2,15,27,5,29,43,834.0450000000001
Delhi,Bhubaneswar,"28.6273928,77.1716954","20.2602964,85.8394521",6302585,538309,450835,87474,30,6302.585,149,31,49,24,17,54,125,13,55,13232.585
Delhi,Calicut,"28.6273928,77.1716954","11.2450558,75.7754716",2738554,227301,152398,74903,20,2738.554,63,8,21,20,48,23,42,19,58,7358.554
Delhi,Chandigarh,"28.6273928,77.1716954","30.7334421,76.7797143",253992,19679,16148,3531,2,253.992,5,27,59,0,58,51,4,29,8,715.992
Delhi,Chennai,"28.6273928,77.1716954","13.0836939,80.270186",2759452,218502,146071,72431,22,2759.452,60,41,42,20,7,11,40,34,31,7841.452
Delhi,Coimbatore,"28.6273928,77.1716954","11.0018115,76.9628425",2800442,218283,144967,73316,22,2800.442,60,38,3,20,21,56,40,16,7,7882.442
Delhi,Dehradun,"28.6273928,77.1716954","30.3255646,78.0436813",272998,21805,16840,4965,2,272.998,6,3,25,1,22,45,4,40,40,734.998
Delhi,Goa,"28.6273928,77.1716954","15.3004543,74.0855134",2027064,162230,112277,49953,16,2027.064,45,3,50,13,52,33,31,11,17,5723.064
Delhi,Gwalior,"28.6273928,77.1716954","26.2037247,78.1573628",327941,24801,19630,5171,2,327.941,6,53,21,1,26,11,5,27,10,789.941
Delhi,Hyderabad,"28.6273928,77.1716954","17.360589,78.4740613",2244498,175770,120920,54850,18,2244.498,48,49,30,15,14,10,33,35,20,6402.498
Delhi,Jaipur,"28.6273928,77.1716954","26.9154576,75.8189817",262341,19736,16489,3247,1,262.341,5,28,56,0,54,7,4,34,49,493.341
Delhi,Jammu,"28.6273928,77.1716954","32.7185614,74.8580917",598458,44187,31838,12349,4,598.458,12,16,27,3,25,49,8,50,38,1522.458
Delhi,Jodhpur,"28.6273928,77.1716954","26.2967719,73.0351433",707008,55042,40922,14120,5,707.008,15,17,22,3,55,20,11,22,2,1862.008
Delhi,Kannur,"28.6273928,77.1716954","11.8763836,75.3737973",2684902,217343,145276,72067,21,2684.902,60,22,23,20,1,7,40,21,16,7535.902
Delhi,Kochi,"28.6273928,77.1716954","9.9674277,76.2454436",2996633,233423,156113,77310,23,2996.633,64,50,23,21,28,30,43,21,53,8309.633
Delhi,Kolkata,"28.6273928,77.1716954","22.5726459,88.3638953",5727968,485604,412053,73551,25,5727.968,134,53,24,20,25,51,114,27,33,11502.968
Delhi,Ludhiana,"28.6273928,77.1716954","30.9090157,75.851601",318679,22999,18536,4463,2,318.679,6,23,19,1,14,23,5,8,56,780.679
Delhi,Madurai,"28.6273928,77.1716954","9.9261153,78.1140983",2916807,230475,153468,77007,23,2916.807,64,1,15,21,23,27,42,37,48,8229.807
Delhi,Mangalore,"28.6273928,77.1716954","12.8698101,74.8430082",2461560,206053,136168,69885,19,2461.56,57,14,13,19,24,45,37,49,28,6850.5599999999995
Delhi,Mumbai,"28.6273928,77.1716954","19.08157715,72.88662753964906",1534618,119383,83678,35705,11,1534.618,33,9,43,9,55,5,23,14,38,4075.618
Delhi,Nagpur,"28.6273928,77.1716954","21.1498134,79.0820556",2690385,210683,142423,68260,20,2690.385,58,31,23,18,57,40,39,33,43,7310.385
Delhi,Pantnagar,"28.6273928,77.1716954","29.028405,79.4832094",267254,22385,15492,6893,2,267.254,6,13,5,1,54,53,4,18,12,729.254
Delhi,Port Blair,"28.6273928,77.1716954","11.6645348,92.7390448",4291906,352309,279451,72858,25,4291.906,97,51,49,20,14,18,77,37,31,10066.905999999999
Delhi,Pune,"28.6273928,77.1716954","18.521428,73.8544541",1676185,129019,91403,37616,12,1676.185,35,50,19,10,26,56,25,23,23,4448.1849999999995
Delhi,Raipur,"28.6273928,77.1716954","21.2380912,81.6336993",2977935,235080,158677,76403,22,2977.935,65,18,0,21,13,23,44,4,37,8059.9349999999995
Delhi,Rajkot,"28.6273928,77.1716954","22.3053263,70.8028377",1210801,95867,67612,28255,8,1210.801,26,37,47,7,50,55,18,46,52,3058.801
Delhi,Ranchi,"28.6273928,77.1716954","23.3700501,85.3250387",6263114,532973,447131,85842,29,6263.114,148,2,53,23,50,42,124,12,11,12962.114
Delhi,Shimla,"28.6273928,77.1716954","31.1041526,77.1709729",358385,32151,24378,7773,3,358.385,8,55,51,2,9,33,6,46,18,1051.385
Delhi,Tirupati,"28.6273928,77.1716954","13.6316368,79.4231711",2780339,216423,147476,68947,21,2780.339,60,7,3,19,9,7,40,57,56,7631.339
Delhi,Udaipur,"28.6273928,77.1716954","24.578721,73.6862571",666916,51549,36754,14795,4,666.916,14,19,9,4,6,35,10,12,34,1590.9160000000002
Delhi,Vadodara,"28.6273928,77.1716954","22.2973142,73.1942567",1025283,85045,57403,27642,7,1025.283,23,37,25,7,40,42,15,56,43,2642.283
Delhi,Vijayawada,"28.6273928,77.1716954","16.5087573,80.6185089",2536834,196308,135031,61277,20,2536.834,54,31,48,17,1,17,37,30,31,7156.834
Delhi,Visakhapatnam,"28.6273928,77.1716954","17.7231276,83.3012842",2904402,226053,154404,71649,23,2904.402,62,47,33,19,54,9,42,53,24,8217.402
Dibrugarh,Dimapur,"27.4844597,94.9019447","25.911744,93.721703",274382,29314,23211,6103,2,274.382,8,8,34,1,41,43,6,26,51,736.3820000000001
Dibrugarh,Jorhat,"27.4844597,94.9019447","26.7577925,94.2079645",137265,13291,11864,1427,1,137.265,3,41,31,0,23,47,3,17,44,368.265
Goa,Ahmedabad,"15.3004543,74.0855134","23.0216238,72.5797068",1153767,90842,64664,26178,8,1153.767,25,14,2,7,16,18,17,57,44,3001.767
Goa,Amritsar,"15.3004543,74.0855134","31.6343083,74.8736788",2522273,197204,136446,60758,18,2522.273,54,46,44,16,52,38,37,54,6,6680.273
Goa,Bengaluru,"15.3004543,74.0855134","12.9767936,77.590082",613010,54499,34922,19577,6,613.01,15,8,19,5,26,17,9,42,2,1999.01
Goa,Chandigarh,"15.3004543,74.0855134","30.7334421,76.7797143",2312095,182844,126363,56481,17,2312.095,50,47,24,15,41,21,35,6,3,6239.094999999999
Goa,Chennai,"15.3004543,74.0855134","13.0836939,80.270186",941929,80988,54980,26008,7,941.929,22,29,48,7,13,28,15,16,20,2558.929
Goa,Delhi,"15.3004543,74.0855134","28.6273928,77.1716954",2068251,166892,115134,51758,15,2068.251,46,21,32,14,22,38,31,58,54,5533.251
Goa,Hubli,"15.3004543,74.0855134","15.3518378,75.1379848",271724,24447,19336,5111,2,271.724,6,47,27,1,25,11,5,22,16,733.7239999999999
Goa,Hyderabad,"15.3004543,74.0855134","17.360589,78.4740613",788877,69433,47652,21781,6,788.877,19,17,13,6,3,1,13,14,12,2174.877
Goa,Kannur,"15.3004543,74.0855134","11.8763836,75.3737973",871623,81166,54474,26692,7,871.623,22,32,46,7,24,52,15,7,54,2488.623
Goa,Kochi,"15.3004543,74.0855134","9.9674277,76.2454436",1179251,99518,67229,32289,10,1179.251,27,38,38,8,58,9,18,40,29,3489.251
Goa,Kolkata,"15.3004543,74.0855134","22.5726459,88.3638953",4001678,360690,332094,28596,10,4001.678,100,11,30,7,56,36,92,14,54,6311.678
Goa,Mumbai,"15.3004543,74.0855134","19.08157715,72.88662753964906",637334,50225,36657,13568,4,637.334,13,57,5,3,46,8,10,10,57,1561.3339999999998
Goa,Mysore,"15.3004543,74.0855134","12.3051828,76.6553609",712557,61395,39594,21801,5,712.557,17,3,15,6,3,21,10,59,54,1867.557
Goa,Nagpur,"15.3004543,74.0855134","21.1498134,79.0820556",1228610,105559,69202,36357,8,1228.61,29,19,19,10,5,57,19,13,22,3076.6099999999997
Goa,Pune,"15.3004543,74.0855134","18.521428,73.8544541",493000,40121,29470,10651,3,493.0,11,8,41,2,57,31,8,11,10,1186.0
Guwahati,Tezpur,"26.1805978,91.753943","26.61695705,92.76500717365028",188641,15395,12755,2640,1,188.641,4,16,35,0,44,0,3,32,35,419.64099999999996
Hubli,Ahmedabad,"15.3518378,75.1379848","23.0216238,72.5797068",1088986,82045,56742,25303,8,1088.986,22,47,25,7,1,43,15,45,42,2936.986
Hubli,Chennai,"15.3518378,75.1379848","13.0836939,80.270186",757601,58572,38693,19879,6,757.601,16,16,12,5,31,19,10,44,53,2143.601
Hubli,Goa,"15.3518378,75.1379848","15.3004543,74.0855134",157343,15695,13481,2214,1,157.343,4,21,35,0,36,54,3,44,41,388.34299999999996
Hubli,Hyderabad,"15.3518378,75.1379848","17.360589,78.4740613",724846,61371,39407,21964,6,724.846,17,2,51,6,6,4,10,56,47,2110.846
Hubli,Kannur,"15.3518378,75.1379848","11.8763836,75.3737973",682794,57500,38332,19168,5,682.794,15,58,20,5,19,28,10,38,52,1837.7939999999999
Hubli,Kochi,"15.3518378,75.1379848","9.9674277,76.2454436",994810,76166,50515,25651,8,994.81,21,9,26,7,7,31,14,1,55,2842.81
Hubli,Mangalore,"15.3518378,75.1379848","12.8698101,74.8430082",459753,46909,29387,17522,3,459.753,13,1,49,4,52,2,8,9,47,1152.753
Hubli,Mumbai,"15.3518378,75.1379848","19.08157715,72.88662753964906",572553,42383,29579,12804,4,572.553,11,46,23,3,33,24,8,12,59,1496.5529999999999
Hubli,Tirupati,"15.3518378,75.1379848","13.6316368,79.4231711",671467,49122,31732,17390,6,671.467,13,38,42,4,49,50,8,48,52,2057.467
Hyderabad,Ahmedabad,"17.360589,78.4740613","23.0216238,72.5797068",1243662,97689,67970,29719,11,1243.662,27,8,9,8,15,19,18,52,50,3784.6620000000003
Hyderabad,Amritsar,"17.360589,78.4740613","31.6343083,74.8736788",2608022,202393,139410,62983,21,2608.022,56,13,13,17,29,43,38,43,30,7459.022
Hyderabad,Belgaum,"17.360589,78.4740613","15.8572666,74.5069343",634833,51118,35611,15507,5,634.833,14,11,58,4,18,27,9,53,31,1789.833
Hyderabad,Bhubaneswar,"17.360589,78.4740613","20.2602964,85.8394521",4042329,362828,331525,31303,12,4042.329,100,47,8,8,41,43,92,5,25,6814.329
Hyderabad,Calicut,"17.360589,78.4740613","11.2450558,75.7754716",973011,78916,57181,21735,7,973.011,21,55,16,6,2,15,15,53,1,2590.011
Hyderabad,Chandigarh,"17.360589,78.4740613","30.7334421,76.7797143",2398059,188705,129945,58760,20,2398.059,52,25,5,16,19,20,36,5,45,7018.059
Hyderabad,Chennai,"17.360589,78.4740613","13.0836939,80.270186",630480,48449,33128,15321,5,630.48,13,27,29,4,15,21,9,12,8,1785.48
Hyderabad,Coimbatore,"17.360589,78.4740613","11.0018115,76.9628425",953056,69137,48565,20572,7,953.056,19,12,17,5,42,52,13,29,25,2570.056
Hyderabad,Dehradun,"17.360589,78.4740613","30.3255646,78.0436813",2423949,193397,134393,59004,21,2423.949,53,43,17,16,23,24,37,19,53,7274.9490000000005
Hyderabad,Delhi,"17.360589,78.4740613","28.6273928,77.1716954",2152882,172958,118913,54045,18,2152.882,48,2,38,15,0,45,33,1,53,6310.882
Hyderabad,Goa,"17.360589,78.4740613","15.3004543,74.0855134",748241,64861,45641,19220,6,748.241,18,1,1,5,20,20,12,40,41,2134.241
Hyderabad,Gwalior,"17.360589,78.4740613","26.2037247,78.1573628",2408437,190791,130720,60071,20,2408.437,52,59,51,16,41,11,36,18,40,7028.437
Hyderabad,Hubli,"17.360589,78.4740613","15.3518378,75.1379848",613202,51109,35538,15571,5,613.202,14,11,49,4,19,31,9,52,18,1768.202
Hyderabad,Jaipur,"17.360589,78.4740613","26.9154576,75.8189817",1895971,152833,102905,49928,16,1895.971,42,27,13,13,52,8,28,35,5,5591.971
Hyderabad,Jammu,"17.360589,78.4740613","32.7185614,74.8580917",2742337,213077,146240,66837,21,2742.337,59,11,17,18,33,57,40,37,20,7593.3369999999995
Hyderabad,Kadapa,"17.360589,78.4740613","14.4752936,78.8216861",423271,29009,21934,7075,3,423.271,8,3,29,1,57,55,6,5,34,1116.271
Hyderabad,Kannur,"17.360589,78.4740613","11.8763836,75.3737973",905049,71169,51064,20105,7,905.049,19,46,9,5,35,5,14,11,4,2522.049
Hyderabad,Kochi,"17.360589,78.4740613","9.9674277,76.2454436",1149275,86410,61338,25072,9,1149.275,24,0,10,6,57,52,17,2,18,3228.275
Hyderabad,Kolhapur,"17.360589,78.4740613","16.7028412,74.2405329",557264,44811,30812,13999,5,557.264,12,26,51,3,53,19,8,33,32,1712.2640000000001
Hyderabad,Kolkata,"17.360589,78.4740613","22.5726459,88.3638953",3571381,316502,298752,17750,8,3571.381,87,55,2,4,55,50,82,59,12,5419.380999999999
Hyderabad,Madurai,"17.360589,78.4740613","9.9261153,78.1140983",1069438,81452,57493,23959,8,1069.438,22,37,32,6,39,19,15,58,13,2917.438
Hyderabad,Mangalore,"17.360589,78.4740613","12.8698101,74.8430082",973604,78942,54671,24271,7,973.604,21,55,42,6,44,31,15,11,11,2590.6040000000003
Hyderabad,Mumbai,"17.360589,78.4740613","19.08157715,72.88662753964906",727218,56125,39091,17034,7,727.218,15,35,25,4,43,54,10,51,31,2344.218
Hyderabad,Mysore,"17.360589,78.4740613","12.3051828,76.6553609",721032,50270,35948,14322,5,721.032,13,57,50,3,58,42,9,59,8,1876.0320000000002
Hyderabad,Nagpur,"17.360589,78.4740613","21.1498134,79.0820556",509859,39555,27266,12289,4,509.859,10,59,15,3,24,49,7,34,26,1433.859
Hyderabad,Pondicherry,"17.360589,78.4740613","10.91564885,79.80694879844232",923731,78056,53170,24886,7,923.731,21,40,56,6,54,46,14,46,10,2540.7309999999998
Hyderabad,Port Blair,"17.360589,78.4740613","11.6645348,92.7390448",2032027,176377,159725,16652,7,2032.027,48,59,37,4,37,32,44,22,5,3649.027
Hyderabad,Pune,"17.360589,78.4740613","18.521428,73.8544541",578011,45018,30197,14821,6,578.011,12,30,18,4,7,1,8,23,17,1964.011
Hyderabad,Raipur,"17.360589,78.4740613","21.2380912,81.6336993",797719,63611,43448,20163,5,797.719,17,40,11,5,36,3,12,4,8,1952.719
Hyderabad,Rajahmundry,"17.360589,78.4740613","17.0050454,81.7804732",434103,32220,23018,9202,4,434.103,8,57,0,2,33,22,6,23,38,1358.103
Hyderabad,Ranchi,"17.360589,78.4740613","23.3700501,85.3250387",4002819,357151,327545,29606,11,4002.819,99,12,31,8,13,26,90,59,5,6543.8189999999995
Hyderabad,Thiruvananthapuram,"17.360589,78.4740613","8.4882267,76.947551",1360585,110426,77855,32571,11,1360.585,30,40,26,9,2,51,21,37,35,3901.585
Hyderabad,Tiruchirappalli,"17.360589,78.4740613","10.804973,78.6870296",926757,68894,49306,19588,7,926.757,19,8,14,5,26,28,13,41,46,2543.757
Hyderabad,Tirupati,"17.360589,78.4740613","13.6316368,79.4231711",564026,41258,30191,11067,4,564.026,11,27,38,3,4,27,8,23,11,1488.0259999999998
Hyderabad,Tuticorin,"17.360589,78.4740613","8.8052602,78.1452745",1218965,95133,66292,28841,9,1218.965,26,25,33,8,0,41,18,24,52,3297.965
Hyderabad,Udaipur,"17.360589,78.4740613","24.578721,73.6862571",1496479,116603,81190,35413,12,1496.479,32,23,23,9,50,13,22,33,10,4268.479
Hyderabad,Vadodara,"17.360589,78.4740613","22.2973142,73.1942567",1129286,87936,62483,25453,10,1129.286,24,25,36,7,4,13,17,21,23,3439.286
Hyderabad,Vijayawada,"17.360589,78.4740613","16.5087573,80.6185089",274199,20258,15053,5205,3,274.199,5,37,38,1,26,45,4,10,53,967.1990000000001
Hyderabad,Visakhapatnam,"17.360589,78.4740613","17.7231276,83.3012842",642520,49765,34658,15107,4,642.52,13,49,25,4,11,47,9,37,38,1566.52
Indore,Ahmedabad,"22.7203616,75.8681996","23.0216238,72.5797068",401330,32794,24338,8456,3,401.33,9,6,34,2,20,56,6,45,38,1094.33
Indore,Belgaum,"22.7203616,75.8681996","15.8572666,74.5069343",1230674,91263,66759,24504,9,1230.674,25,21,3,6,48,24,18,32,39,3309.674
Indore,Chandigarh,"22.7203616,75.8681996","30.7334421,76.7797143",1547479,124052,84554,39498,12,1547.479,34,27,32,10,58,18,23,29,14,4319.479
Indore,Chennai,"22.7203616,75.8681996","13.0836939,80.270186",2073703,160758,110213,50545,16,2073.703,44,39,18,14,2,25,30,36,53,5769.7029999999995
Indore,Delhi,"22.7203616,75.8681996","28.6273928,77.1716954",1302693,109945,75348,34597,11,1302.693,30,32,25,9,36,37,20,55,48,3843.693
Indore,Goa,"22.7203616,75.8681996","15.3004543,74.0855134",1344404,104544,76702,27842,10,1344.404,29,2,24,7,44,2,21,18,22,3654.404
Indore,Gwalior,"22.7203616,75.8681996","26.2037247,78.1573628",1558229,126029,85931,40098,13,1558.229,35,0,29,11,8,18,23,52,11,4561.229
Indore,Hyderabad,"22.7203616,75.8681996","17.360589,78.4740613",1463340,113619,78754,34865,12,1463.34,31,33,39,9,41,5,21,52,34,4235.34
Indore,Jaipur,"22.7203616,75.8681996","26.9154576,75.8189817",1045784,91042,60212,30830,9,1045.784,25,17,22,8,33,50,16,43,32,3124.784
Indore,Jodhpur,"22.7203616,75.8681996","26.2967719,73.0351433",872871,68024,48500,19524,6,872.871,18,53,44,5,25,24,13,28,20,2258.871
Indore,Kochi,"22.7203616,75.8681996","9.9674277,76.2454436",2311758,179719,122739,56980,19,2311.758,49,55,19,15,49,40,34,5,39,6700.758
Indore,Kolkata,"22.7203616,75.8681996","22.5726459,88.3638953",5044058,429889,376303,53586,20,5044.058,119,24,49,14,53,6,104,31,43,9664.058
Indore,Mumbai,"22.7203616,75.8681996","19.08157715,72.88662753964906",760646,57230,40958,16272,6,760.646,15,53,50,4,31,12,11,22,38,2146.6459999999997
Indore,Nagpur,"22.7203616,75.8681996","21.1498134,79.0820556",1903073,147351,99642,47709,14,1903.073,40,55,51,13,15,9,27,40,42,5137.073
Indore,Pune,"22.7203616,75.8681996","18.521428,73.8544541",895003,66549,49233,17316,6,895.003,18,29,9,4,48,36,13,40,33,2281.003
Indore,Raipur,"22.7203616,75.8681996","21.2380912,81.6336993",2190607,173347,116862,56485,16,2190.607,48,9,7,15,41,25,32,27,42,5886.607
Indore,Rajkot,"22.7203616,75.8681996","22.3053263,70.8028377",629623,45056,33439,11617,4,629.623,12,30,56,3,13,37,9,17,19,1553.623
Indore,Udaipur,"22.7203616,75.8681996","24.578721,73.6862571",646065,52956,37070,15886,5,646.065,14,42,36,4,24,46,10,17,50,1801.065
Indore,Vadodara,"22.7203616,75.8681996","22.2973142,73.1942567",347524,30897,20451,10446,3,347.524,8,34,57,2,54,6,5,40,51,1040.524
Jabalpur,Ahmedabad,"23.1608938,79.9497702","23.0216238,72.5797068",949022,84527,57111,27416,6,949.022,23,28,47,7,36,56,15,51,51,2335.022
Jaipur,Agra,"26.9154576,75.8189817","27.1752554,78.0098161",401955,27906,21669,6237,2,401.955,7,45,6,1,43,57,6,1,9,863.9549999999999
Jaipur,Ahmedabad,"26.9154576,75.8189817","23.0216238,72.5797068",664884,56329,37432,18897,6,664.884,15,38,49,5,14,57,10,23,52,2050.884
Jaipur,Amritsar,"26.9154576,75.8189817","31.6343083,74.8736788",713858,47515,35275,12240,4,713.858,13,11,55,3,24,0,9,47,55,1637.858
Jaipur,Bengaluru,"26.9154576,75.8189817","12.9767936,77.590082",2160399,177076,116364,60712,19,2160.399,49,11,16,16,51,52,32,19,24,6549.398999999999
Jaipur,Chandigarh,"26.9154576,75.8189817","30.7334421,76.7797143",503596,34133,25798,8335,2,503.596,9,28,53,2,18,55,7,9,58,965.596
Jaipur,Chennai,"26.9154576,75.8189817","13.0836939,80.270186",2497257,203893,135621,68272,21,2497.257,56,38,13,18,57,52,37,40,21,7348.257
Jaipur,Dehradun,"26.9154576,75.8189817","30.3255646,78.0436813",528250,37300,28951,8349,4,528.25,10,21,40,2,19,9,8,2,31,1452.25
Jaipur,Delhi,"26.9154576,75.8189817","28.6273928,77.1716954",258755,19852,16846,3006,1,258.755,5,30,52,0,50,6,4,40,46,489.755
Jaipur,Hyderabad,"26.9154576,75.8189817","17.360589,78.4740613",1884245,153599,103389,50210,16,1884.245,42,39,59,13,56,50,28,43,9,5580.245
Jaipur,Kochi,"26.9154576,75.8189817","9.9674277,76.2454436",2734812,217942,144530,73412,22,2734.812,60,32,22,20,23,32,40,8,50,7816.812
Jaipur,Kolkata,"26.9154576,75.8189817","22.5726459,88.3638953",5464829,470148,401267,68881,24,5464.829,130,35,48,19,8,1,111,27,47,11008.829
Jaipur,Mumbai,"26.9154576,75.8189817","19.08157715,72.88662753964906",1178011,99138,66673,32465,10,1178.011,27,32,18,9,1,5,18,31,13,3488.011
Jaipur,Pune,"26.9154576,75.8189817","18.521428,73.8544541",1315050,111145,75703,35442,11,1315.05,30,52,25,9,50,42,21,1,43,3856.05
Jaipur,Udaipur,"26.9154576,75.8189817","24.578721,73.6862571",408891,33688,23469,10219,3,408.891,9,21,28,2,50,19,6,31,9,1101.891
Jaipur,Vadodara,"26.9154576,75.8189817","22.2973142,73.1942567",763497,64869,42620,22249,7,763.497,18,1,9,6,10,49,11,50,20,2380.497
Jammu,Ahmedabad,"32.7185614,74.8580917","23.0216238,72.5797068",1522734,118177,79164,39013,12,1522.734,32,49,37,10,50,13,21,59,24,4294.734
Jammu,Bhatinda,"32.7185614,74.8580917","30.25,75.0",400671,32281,23495,8786,2,400.671,8,58,1,2,26,26,6,31,35,862.671
Jammu,Chandigarh,"32.7185614,74.8580917","30.7334421,76.7797143",372215,28633,20837,7796,2,372.215,7,57,13,2,9,56,5,47,17,834.2149999999999
Jammu,Dehradun,"32.7185614,74.8580917","30.3255646,78.0436813",594378,42783,30469,12314,3,594.378,11,53,3,3,25,14,8,27,49,1287.3780000000002
Jammu,Delhi,"32.7185614,74.8580917","28.6273928,77.1716954",603393,43063,30749,12314,3,603.393,11,57,43,3,25,14,8,32,29,1296.393
Jammu,Gwalior,"32.7185614,74.8580917","26.2037247,78.1573628",957113,67259,47562,19697,6,957.113,18,40,59,5,28,17,13,12,42,2343.1130000000003
Jammu,Mumbai,"32.7185614,74.8580917","19.08157715,72.88662753964906",2035925,158100,105809,52291,15,2035.925,43,55,0,14,31,31,29,23,29,5500.925
Jodhpur,Ahmedabad,"26.2967719,73.0351433","23.0216238,72.5797068",454161,33876,23391,10485,3,454.161,9,24,36,2,54,45,6,29,51,1147.161
Jodhpur,Bengaluru,"26.2967719,73.0351433","12.9767936,77.590082",1959620,150562,100709,49853,15,1959.62,41,49,22,13,50,53,27,58,29,5424.62
Jodhpur,Chennai,"26.2967719,73.0351433","13.0836939,80.270186",2296475,180196,122668,57528,17,2296.475,50,3,16,15,58,48,34,4,28,6223.475
Jodhpur,Delhi,"26.2967719,73.0351433","28.6273928,77.1716954",688309,53857,37501,16356,5,688.309,14,57,37,4,32,36,10,25,1,1843.309
Jodhpur,Mumbai,"26.2967719,73.0351433","19.08157715,72.88662753964906",978119,74311,51286,23025,6,978.119,20,38,31,6,23,45,14,14,46,2364.119
Jodhpur,Pune,"26.2967719,73.0351433","18.521428,73.8544541",1116735,84991,60106,24885,7,1116.735,23,36,31,6,54,45,16,41,46,2733.7349999999997
Jorhat,Dibrugarh,"26.7577925,94.2079645","27.4844597,94.9019447",137219,13431,11829,1602,1,137.219,3,43,51,0,26,42,3,17,9,368.219
Jorhat,Tezpur,"26.7577925,94.2079645","26.61695705,92.76500717365028",171322,15088,12641,2447,1,171.322,4,11,28,0,40,47,3,30,41,402.322
Kadapa,Belgaum,"14.4752936,78.8216861","15.8572666,74.5069343",700392,64392,40091,24301,5,700.392,17,53,12,6,45,1,11,8,11,1855.392
Kadapa,Chennai,"14.4752936,78.8216861","13.0836939,80.270186",258222,23303,17968,5335,2,258.222,6,28,23,1,28,55,4,59,28,720.222
Kadapa,Hyderabad,"14.4752936,78.8216861","17.360589,78.4740613",414745,28264,20122,8142,3,414.745,7,51,4,2,15,42,5,35,22,1107.745
Kadapa,Vijayawada,"14.4752936,78.8216861","16.5087573,80.6185089",469255,35631,24675,10956,3,469.255,9,53,51,3,2,36,6,51,15,1162.255
Kannur,Ahmedabad,"11.8763836,75.3737973","23.0216238,72.5797068",1786102,142948,96693,46255,14,1786.102,39,42,28,12,50,55,26,51,33,5020.102
Kannur,Calicut,"11.8763836,75.3737973","11.2450558,75.7754716",91357,8822,8822,0,0,91.357,2,27,2,0,0,0,2,27,2,91.357
Kannur,Chennai,"11.8763836,75.3737973","13.0836939,80.270186",678294,57266,40100,17166,6,678.294,15,54,26,4,46,6,11,8,20,2064.294
Kannur,Delhi,"11.8763836,75.3737973","28.6273928,77.1716954",2700684,218407,144569,73838,22,2700.684,60,40,7,20,30,38,40,9,29,7782.684
Kannur,Goa,"11.8763836,75.3737973","15.3004543,74.0855134",918961,82401,55366,27035,8,918.961,22,53,21,7,30,35,15,22,46,2766.9610000000002
Kannur,Hubli,"11.8763836,75.3737973","15.3518378,75.1379848",694934,57747,38152,19595,6,694.934,16,2,27,5,26,35,10,35,52,2080.934
Kannur,Hyderabad,"11.8763836,75.3737973","17.360589,78.4740613",907752,70612,48764,21848,7,907.752,19,36,52,6,4,8,13,32,44,2524.752
Kannur,Kochi,"11.8763836,75.3737973","9.9674277,76.2454436",282503,28956,23910,5046,2,282.503,8,2,36,1,24,6,6,38,30,744.5029999999999
Kannur,Kolkata,"11.8763836,75.3737973","22.5726459,88.3638953",3738100,336830,317142,19688,9,3738.1,93,33,50,5,28,8,88,5,42,5817.1
Kannur,Mumbai,"11.8763836,75.3737973","19.08157715,72.88662753964906",1271599,105466,70825,34641,10,1271.599,29,17,46,9,37,21,19,40,25,3581.599
Kannur,Thiruvananthapuram,"11.8763836,75.3737973","8.4882267,76.947551",468877,44404,34143,10261,2,468.877,12,20,4,2,51,1,9,29,3,930.877
Keshod,Ahmedabad,"21.31486295,70.26789366226589","23.0216238,72.5797068",356608,29242,22327,6915,2,356.608,8,7,22,1,55,15,6,12,7,818.608
Kochi,Ahmedabad,"9.9674277,76.2454436","23.0216238,72.5797068",2086769,161628,107490,54138,17,2086.769,44,53,48,15,2,18,29,51,30,6013.769
Kochi,Bhubaneswar,"9.9674277,76.2454436","20.2602964,85.8394521",4256540,380574,346469,34105,12,4256.54,105,42,54,9,28,25,96,14,29,7028.54
Kochi,Calicut,"9.9674277,76.2454436","11.2450558,75.7754716",187140,20110,16809,3301,1,187.14,5,35,10,0,55,1,4,40,9,418.14
Kochi,Chennai,"9.9674277,76.2454436","13.0836939,80.270186",729617,58520,39359,19161,6,729.617,16,15,20,5,19,21,10,55,59,2115.617
Kochi,Coimbatore,"9.9674277,76.2454436","11.0018115,76.9628425",198996,18477,14050,4427,2,198.996,5,7,57,1,13,47,3,54,10,660.996
Kochi,Delhi,"9.9674277,76.2454436","28.6273928,77.1716954",3000094,238826,157619,81207,25,3000.094,66,20,26,22,33,27,43,46,59,8775.094000000001
Kochi,Goa,"9.9674277,76.2454436","15.3004543,74.0855134",1155042,96464,64118,32346,10,1155.042,26,47,44,8,59,6,17,48,38,3465.042
Kochi,Hubli,"9.9674277,76.2454436","15.3518378,75.1379848",999032,77545,50849,26696,9,999.032,21,32,25,7,24,56,14,7,29,3078.032
Kochi,Hyderabad,"9.9674277,76.2454436","17.360589,78.4740613",1135032,85892,58382,27510,9,1135.032,23,51,32,7,38,30,16,13,2,3214.032
Kochi,Jaipur,"9.9674277,76.2454436","26.9154576,75.8189817",2732040,218005,141528,76477,23,2732.04,60,33,25,21,14,37,39,18,48,8045.04
Kochi,Kannur,"9.9674277,76.2454436","11.8763836,75.3737973",279519,28821,23487,5334,2,279.519,8,0,21,1,28,54,6,31,27,741.519
Kochi,Kolkata,"9.9674277,76.2454436","22.5726459,88.3638953",3789423,338109,316410,21699,9,3789.423,93,55,9,6,1,39,87,53,30,5868.423
Kochi,Madurai,"9.9674277,76.2454436","9.9261153,78.1140983",419608,34532,25895,8637,3,419.608,9,35,32,2,23,57,7,11,35,1112.608
Kochi,Mangalore,"9.9674277,76.2454436","12.8698101,74.8430082",417930,41710,32728,8982,3,417.93,11,35,10,2,29,42,9,5,28,1110.93
Kochi,Mumbai,"9.9674277,76.2454436","19.08157715,72.88662753964906",1570336,122717,81040,41677,13,1570.336,34,5,17,11,34,37,22,30,40,4573.336
Kochi,Mysore,"9.9674277,76.2454436","12.3051828,76.6553609",436075,44454,34343,10111,3,436.075,12,20,54,2,48,31,9,32,23,1129.075
Kochi,Nagpur,"9.9674277,76.2454436","21.1498134,79.0820556",1649021,123925,83924,40001,12,1649.021,34,25,25,11,6,41,23,18,44,4421.021
Kochi,Pune,"9.9674277,76.2454436","18.521428,73.8544541",1426002,113027,73908,39119,12,1426.002,31,23,47,10,51,59,20,31,48,4198.002
Kochi,Thiruvananthapuram,"9.9674277,76.2454436","8.4882267,76.947551",258003,26813,20629,6184,2,258.003,7,26,53,1,43,4,5,43,49,720.0029999999999
Kochi,Tiruchirappalli,"9.9674277,76.2454436","10.804973,78.6870296",418945,34999,26362,8637,3,418.945,9,43,19,2,23,57,7,19,22,1111.945
Kochi,Tirupati,"9.9674277,76.2454436","13.6316368,79.4231711",701680,54793,36935,17858,6,701.68,15,13,13,4,57,38,10,15,35,2087.68
Kochi,Visakhapatnam,"9.9674277,76.2454436","17.7231276,83.3012842",1487626,121896,80506,41390,12,1487.626,33,51,36,11,29,50,22,21,46,4259.626
Kolhapur,Hyderabad,"16.7028412,74.2405329","17.360589,78.4740613",558489,43954,29565,14389,4,558.489,12,12,34,3,59,49,8,12,45,1482.489
Kolhapur,Mumbai,"16.7028412,74.2405329","19.08157715,72.88662753964906",379401,28891,21451,7440,3,379.401,8,1,31,2,4,0,5,57,31,1072.401
Kolhapur,Tirupati,"16.7028412,74.2405329","13.6316368,79.4231711",875923,67473,43864,23609,8,875.923,18,44,33,6,33,29,12,11,4,2723.923
Kolkata,Ahmedabad,"22.5726459,88.3638953","23.0216238,72.5797068",4825498,414958,366080,48878,18,4825.498,115,15,58,13,34,38,101,41,20,8983.498
Kolkata,Amritsar,"22.5726459,88.3638953","31.6343083,74.8736788",6195379,519902,435747,84155,29,6195.379,144,25,2,23,22,35,121,2,27,12894.379
Kolkata,Bengaluru,"22.5726459,88.3638953","12.9767936,77.590082",3396478,304893,296076,8817,4,3396.478,84,41,33,2,26,57,82,14,36,4320.478
Kolkata,Bhubaneswar,"22.5726459,88.3638953","20.2602964,85.8394521",480005,42555,31432,11123,4,480.005,11,49,15,3,5,23,8,43,52,1404.005
Kolkata,Chandigarh,"22.5726459,88.3638953","30.7334421,76.7797143",5978933,506449,424898,81551,28,5978.933,140,40,49,22,39,11,118,1,38,12446.933
Kolkata,Chennai,"22.5726459,88.3638953","13.0836939,80.270186",3060195,278389,277189,1200,2,3060.195,77,19,49,0,20,0,76,59,49,3522.195
Kolkata,Dehradun,"22.5726459,88.3638953","30.3255646,78.0436813",6001296,508435,428919,79516,28,6001.296,141,13,55,22,5,16,119,8,39,12469.296
Kolkata,Delhi,"22.5726459,88.3638953","28.6273928,77.1716954",5740101,487427,413169,74258,26,5740.101,135,23,47,20,37,38,114,46,9,11746.100999999999
Kolkata,Goa,"22.5726459,88.3638953","15.3004543,74.0855134",3967992,355815,329170,26645,9,3967.992,98,50,15,7,24,5,91,26,10,6046.992
Kolkata,Gwalior,"22.5726459,88.3638953","26.2037247,78.1573628",5995637,507237,426868,80369,28,5995.637,140,53,57,22,19,29,118,34,28,12463.636999999999
Kolkata,Hyderabad,"22.5726459,88.3638953","17.360589,78.4740613",3566016,316220,298827,17393,7,3566.016,87,50,20,4,49,53,83,0,27,5183.016
Kolkata,Jaipur,"22.5726459,88.3638953","26.9154576,75.8189817",5477958,469190,399778,69412,24,5477.958,130,19,50,19,16,52,111,2,58,11021.957999999999
Kolkata,Kannur,"22.5726459,88.3638953","11.8763836,75.3737973",3720736,335696,319387,16309,7,3720.736,93,14,56,4,31,49,88,43,7,5337.736
Kolkata,Kochi,"22.5726459,88.3638953","9.9674277,76.2454436",3792883,338533,317877,20656,8,3792.883,94,2,13,5,44,16,88,17,57,5640.883
Kolkata,Mumbai,"22.5726459,88.3638953","19.08157715,72.88662753964906",4310154,375436,338811,36625,14,4310.154,104,17,16,10,10,25,94,6,51,7544.154
Kolkata,Nagpur,"22.5726459,88.3638953","21.1498134,79.0820556",4065340,355526,322702,32824,10,4065.34,98,45,26,9,7,4,89,38,22,6375.34
Kolkata,Port Blair,"22.5726459,88.3638953","11.6645348,92.7390448",1543663,140613,140013,600,1,1543.663,39,3,33,0,10,0,38,53,33,1774.663
Kolkata,Pune,"22.5726459,88.3638953","18.521428,73.8544541",4160677,364773,330133,34640,13,4160.677,101,19,33,9,37,20,91,42,13,7163.677
Kolkata,Raipur,"22.5726459,88.3638953","21.2380912,81.6336993",4352873,379552,338450,41102,12,4352.873,105,25,52,11,25,2,94,0,50,7124.873
Kolkata,Ranchi,"22.5726459,88.3638953","23.3700501,85.3250387",443471,39313,28741,10572,3,443.471,10,55,13,2,56,12,7,59,1,1136.471
Kolkata,Vadodara,"22.5726459,88.3638953","22.2973142,73.1942567",4712072,404094,359117,44977,17,4712.072,112,14,54,12,29,37,99,45,17,8639.072
Kolkata,Visakhapatnam,"22.5726459,88.3638953","17.7231276,83.3012842",2925986,265928,264728,1200,2,2925.986,73,52,8,0,20,0,73,32,8,3387.986
Lucknow,Allahabad,"26.8381,80.9346001","25.4381302,81.8338005",202353,16120,13456,2664,1,202.353,4,28,40,0,44,24,3,44,16,433.353
Lucknow,Lucknow,"26.8381,80.9346001","26.8381,80.9346001",0,0,0,0,0,0.0,0,0,0,0,0,0,0,0,0,0.0
Ludhiana,Delhi,"30.9090157,75.851601","28.6273928,77.1716954",318715,23591,17781,5810,2,318.715,6,33,11,1,36,50,4,56,21,780.7149999999999
Madurai,Chennai,"9.9261153,78.1140983","13.0836939,80.270186",477668,36312,24306,12006,3,477.668,10,5,12,3,20,6,6,45,6,1170.6680000000001
Madurai,Delhi,"9.9261153,78.1140983","28.6273928,77.1716954",2926428,232376,153185,79191,23,2926.428,64,32,56,21,59,51,42,33,5,8239.428
Madurai,Hyderabad,"9.9261153,78.1140983","17.360589,78.4740613",1060304,82620,55148,27472,8,1060.304,22,57,0,7,37,52,15,19,8,2908.304
Madurai,Mumbai,"9.9261153,78.1140983","19.08157715,72.88662753964906",1495513,119826,78201,41625,12,1495.513,33,17,6,11,33,45,21,43,21,4267.513
Mangalore,Chennai,"12.8698101,74.8430082","13.0836939,80.270186",737074,66146,46824,19322,5,737.074,18,22,26,5,22,2,13,0,24,1892.074
Mangalore,Coimbatore,"12.8698101,74.8430082","11.0018115,76.9628425",415215,41565,32395,9170,4,415.215,11,32,45,2,32,50,8,59,55,1339.215
Mangalore,Delhi,"12.8698101,74.8430082","28.6273928,77.1716954",2606901,225399,144661,80738,20,2606.901,62,36,39,22,25,38,40,11,1,7226.901
Mangalore,Hubli,"12.8698101,74.8430082","15.3518378,75.1379848",605839,65657,39085,26572,4,605.839,18,14,17,7,22,52,10,51,25,1529.839
Mangalore,Hyderabad,"12.8698101,74.8430082","17.360589,78.4740613",973253,79417,53732,25685,7,973.253,22,3,37,7,8,5,14,55,32,2590.253
Mangalore,Kochi,"12.8698101,74.8430082","9.9674277,76.2454436",419109,41842,33214,8628,3,419.109,11,37,22,2,23,48,9,13,34,1112.109
Mangalore,Mumbai,"12.8698101,74.8430082","19.08157715,72.88662753964906",1182175,113069,71217,41852,8,1182.175,31,24,29,11,37,32,19,46,57,3030.175
Mangalore,Mysore,"12.8698101,74.8430082","12.3051828,76.6553609",255903,28194,18863,9331,2,255.903,7,49,54,2,35,31,5,14,23,717.903
Mangalore,Pune,"12.8698101,74.8430082","18.521428,73.8544541",1032481,102345,63297,39048,7,1032.481,28,25,45,10,50,48,17,34,57,2649.4809999999998
Mumbai,Ahmedabad,"19.08157715,72.88662753964906","23.0216238,72.5797068",521096,40440,29165,11275,4,521.096,11,14,0,3,7,55,8,6,5,1445.096
Mumbai,Amritsar,"19.08157715,72.88662753964906","31.6343083,74.8736788",1889577,146749,98622,48127,14,1889.577,40,45,49,13,22,7,27,23,42,5123.577
Mumbai,Belgaum,"19.08157715,72.88662753964906","15.8572666,74.5069343",484958,35538,26023,9515,4,484.958,9,52,18,2,38,35,7,13,43,1408.958
Mumbai,Bengaluru,"19.08157715,72.88662753964906","12.9767936,77.590082",992080,79026,51179,27847,9,992.08,21,57,6,7,44,7,14,12,59,3071.08
Mumbai,Bhavnagar,"19.08157715,72.88662753964906","21.7718836,72.1416449",431308,37176,27643,9533,4,431.308,10,19,36,2,38,53,7,40,43,1355.308
Mumbai,Bhubaneswar,"19.08157715,72.88662753964906","20.2602964,85.8394521",4770846,417342,367657,49685,18,4770.846,115,55,42,13,48,5,102,7,37,8928.846
Mumbai,Calicut,"19.08157715,72.88662753964906","11.2450558,75.7754716",1209907,109740,71193,38547,9,1209.907,30,29,0,10,42,27,19,46,33,3288.907
Mumbai,Chandigarh,"19.08157715,72.88662753964906","30.7334421,76.7797143",1673645,130825,87331,43494,12,1673.645,36,20,25,12,4,54,24,15,31,4445.645
Mumbai,Chennai,"19.08157715,72.88662753964906","13.0836939,80.270186",1328938,107483,71986,35497,11,1328.938,29,51,23,9,51,37,19,59,46,3869.938
Mumbai,Coimbatore,"19.08157715,72.88662753964906","11.0018115,76.9628425",1369116,107853,70884,36969,12,1369.116,29,57,33,10,16,9,19,41,24,4141.116
Mumbai,Dehradun,"19.08157715,72.88662753964906","30.3255646,78.0436813",1699456,134507,90788,43719,13,1699.456,37,21,47,12,8,39,25,13,8,4702.456
Mumbai,Delhi,"19.08157715,72.88662753964906","28.6273928,77.1716954",1428796,115885,77220,38665,11,1428.796,32,11,25,10,44,25,21,27,0,3969.7960000000003
Mumbai,Goa,"19.08157715,72.88662753964906","15.3004543,74.0855134",598627,48790,35877,12913,5,598.627,13,33,10,3,35,13,9,57,57,1753.627
Mumbai,Hubli,"19.08157715,72.88662753964906","15.3518378,75.1379848",580294,42201,30113,12088,5,580.294,11,43,21,3,21,28,8,21,53,1735.2939999999999
Mumbai,Hyderabad,"19.08157715,72.88662753964906","17.360589,78.4740613",718937,56125,38568,17557,6,718.937,15,35,25,4,52,37,10,42,48,2104.937
Mumbai,Jaipur,"19.08157715,72.88662753964906","26.9154576,75.8189817",1166653,97799,64110,33689,9,1166.653,27,9,59,9,21,29,17,48,30,3245.6530000000002
Mumbai,Jammu,"19.08157715,72.88662753964906","32.7185614,74.8580917",2020254,157047,105159,51888,15,2020.254,43,37,27,14,24,48,29,12,39,5485.254
Mumbai,Jodhpur,"19.08157715,72.88662753964906","26.2967719,73.0351433",992537,76402,53877,22525,7,992.537,21,13,22,6,15,25,14,57,57,2609.5370000000003
Mumbai,Kannur,"19.08157715,72.88662753964906","11.8763836,75.3737973",1257752,106628,70512,36116,11,1257.752,29,37,8,10,1,56,19,35,12,3798.752
Mumbai,Kochi,"19.08157715,72.88662753964906","9.9674277,76.2454436",1565825,122308,80460,41848,12,1565.825,33,58,28,11,37,28,22,21,0,4337.825
Mumbai,Kolhapur,"19.08157715,72.88662753964906","16.7028412,74.2405329",377628,28407,21356,7051,3,377.628,7,53,27,1,57,31,5,55,56,1070.628
Mumbai,Kolkata,"19.08157715,72.88662753964906","22.5726459,88.3638953",4298835,373240,336997,36243,14,4298.835,103,40,40,10,4,3,93,36,37,7532.835
Mumbai,Madurai,"19.08157715,72.88662753964906","9.9261153,78.1140983",1486019,119860,78506,41354,12,1486.019,33,17,40,11,29,14,21,48,26,4258.019
Mumbai,Mangalore,"19.08157715,72.88662753964906","12.8698101,74.8430082",1030465,91880,59473,32407,8,1030.465,25,31,20,9,0,7,16,31,13,2878.465
Mumbai,Nagpur,"19.08157715,72.88662753964906","21.1498134,79.0820556",1152852,92138,61611,30527,8,1152.852,25,35,38,8,28,47,17,6,51,3000.852
Mumbai,Porbandar,"19.08157715,72.88662753964906","21.6409,69.611",937316,71579,51464,20115,6,937.316,19,52,59,5,35,15,14,17,44,2323.316
Mumbai,Port Blair,"19.08157715,72.88662753964906","11.6645348,92.7390448",2760470,233507,197958,35549,13,2760.47,64,51,47,9,52,29,54,59,18,5763.469999999999
Mumbai,Pune,"19.08157715,72.88662753964906","18.521428,73.8544541",150739,13133,10766,2367,1,150.739,3,38,53,0,39,27,2,59,26,381.73900000000003
Mumbai,Raipur,"19.08157715,72.88662753964906","21.2380912,81.6336993",1440385,116262,77395,38867,10,1440.385,32,17,42,10,47,47,21,29,55,3750.385
Mumbai,Rajkot,"19.08157715,72.88662753964906","22.3053263,70.8028377",703727,51277,37248,14029,5,703.727,14,14,37,3,53,49,10,20,48,1858.7269999999999
Mumbai,Ranchi,"19.08157715,72.88662753964906","23.3700501,85.3250387",4731639,411354,363358,47996,17,4731.639,114,15,54,13,19,56,100,55,58,8658.639
Mumbai,Thiruvananthapuram,"19.08157715,72.88662753964906","8.4882267,76.947551",1757017,138059,91097,46962,13,1757.017,38,20,59,13,2,42,25,18,17,4760.017
Mumbai,Tirupati,"19.08157715,72.88662753964906","13.6316368,79.4231711",1249633,96349,65211,31138,10,1249.633,26,45,49,8,38,58,18,6,51,3559.633
Mumbai,Udaipur,"19.08157715,72.88662753964906","24.578721,73.6862571",767362,59867,40876,18991,5,767.362,16,37,47,5,16,31,11,21,16,1922.362
Mumbai,Vadodara,"19.08157715,72.88662753964906","22.2973142,73.1942567",407272,31578,23062,8516,3,407.272,8,46,18,2,21,56,6,24,22,1100.272
Mumbai,Visakhapatnam,"19.08157715,72.88662753964906","17.7231276,83.3012842",1372973,107387,72764,34623,11,1372.973,29,49,47,9,37,3,20,12,44,3913.973
Mysore,Belgaum,"12.3051828,76.6553609","15.8572666,74.5069343",596718,46759,28856,17903,5,596.718,12,59,19,4,58,23,8,0,56,1751.7179999999998
Mysore,Bengaluru,"12.3051828,76.6553609","12.9767936,77.590082",143250,10527,9257,1270,1,143.25,2,55,27,0,21,10,2,34,17,374.25
Mysore,Chennai,"12.3051828,76.6553609","13.0836939,80.270186",488059,37315,27123,10192,4,488.059,10,21,55,2,49,52,7,32,3,1412.059
Mysore,Goa,"12.3051828,76.6553609","15.3004543,74.0855134",656701,54053,35885,18168,5,656.701,15,0,53,5,2,48,9,58,5,1811.701
Mysore,Hyderabad,"12.3051828,76.6553609","17.360589,78.4740613",718318,49239,34668,14571,5,718.318,13,40,39,4,2,51,9,37,48,1873.318
Mysore,Kochi,"12.3051828,76.6553609","9.9674277,76.2454436",440942,42924,33069,9855,3,440.942,11,55,24,2,44,15,9,11,9,1133.942
Mysore,Mangalore,"12.3051828,76.6553609","12.8698101,74.8430082",256430,27074,18945,8129,2,256.43,7,31,14,2,15,29,5,15,45,718.4300000000001
Nagpur,Ahmedabad,"21.1498134,79.0820556","23.0216238,72.5797068",1678255,133652,88595,45057,12,1678.255,37,7,32,12,30,57,24,36,35,4450.255
Nagpur,Bengaluru,"21.1498134,79.0820556","12.9767936,77.590082",1081993,80165,53999,26166,8,1081.993,22,16,5,7,16,6,14,59,59,2929.993
Nagpur,Bhubaneswar,"21.1498134,79.0820556","20.2602964,85.8394521",4535298,399457,353198,46259,14,4535.298,110,57,37,12,50,59,98,6,38,7769.298
Nagpur,Chennai,"21.1498134,79.0820556","13.0836939,80.270186",1133976,87885,57009,30876,8,1133.976,24,24,45,8,34,36,15,50,9,2981.976
Nagpur,Delhi,"21.1498134,79.0820556","28.6273928,77.1716954",2586872,208687,136333,72354,19,2586.872,57,58,7,20,5,54,37,52,13,6975.871999999999
Nagpur,Goa,"21.1498134,79.0820556","15.3004543,74.0855134",1147413,103528,69578,33950,8,1147.413,28,45,28,9,25,50,19,19,38,2995.413
Nagpur,Hyderabad,"21.1498134,79.0820556","17.360589,78.4740613",502570,38343,25778,12565,3,502.57,10,39,3,3,29,25,7,9,38,1195.57
Nagpur,Kochi,"21.1498134,79.0820556","9.9674277,76.2454436",1642507,123639,83466,40173,11,1642.507,34,20,39,11,9,33,23,11,6,4183.507
Nagpur,Kolkata,"21.1498134,79.0820556","22.5726459,88.3638953",4064585,356104,322514,33590,10,4064.585,98,55,4,9,19,50,89,35,14,6374.585
Nagpur,Mumbai,"21.1498134,79.0820556","19.08157715,72.88662753964906",1171479,95550,62711,32839,9,1171.479,26,32,30,9,7,19,17,25,11,3250.4790000000003
Nagpur,Pune,"21.1498134,79.0820556","18.521428,73.8544541",1018469,83209,52454,30755,7,1018.469,23,6,49,8,32,35,14,34,14,2635.469
Nagpur,Ranchi,"21.1498134,79.0820556","23.3700501,85.3250387",4495788,394884,349662,45222,13,4495.788,109,41,24,12,33,42,97,7,42,7498.788
Nagpur,Vadodara,"21.1498134,79.0820556","22.2973142,73.1942567",1564997,124736,82780,41956,11,1564.997,34,38,56,11,39,16,22,59,40,4105.997
Pantnagar,Dehradun,"29.028405,79.4832094","30.3255646,78.0436813",385669,42756,26046,16710,3,385.669,11,52,36,4,38,30,7,14,6,1078.6689999999999
Pantnagar,Delhi,"29.028405,79.4832094","28.6273928,77.1716954",311022,31102,18442,12660,2,311.022,8,38,22,3,31,0,5,7,22,773.0219999999999
Porbandar,Ahmedabad,"21.6409,69.611","23.0216238,72.5797068",424740,34225,25611,8614,2,424.74,9,30,25,2,23,34,7,6,51,886.74
Porbandar,Mumbai,"21.6409,69.611","19.08157715,72.88662753964906",909817,70314,50776,19538,5,909.817,19,31,54,5,25,38,14,6,16,2064.817
Port Blair,Bengaluru,"11.6645348,92.7390448","12.9767936,77.590082",1856657,168697,160040,8657,4,1856.657,46,51,37,2,24,17,44,27,20,2780.657
Port Blair,Chennai,"11.6645348,92.7390448","13.0836939,80.270186",1520922,138482,137882,600,1,1520.922,38,28,2,0,10,0,38,18,2,1751.922
Port Blair,Delhi,"11.6645348,92.7390448","28.6273928,77.1716954",4198283,355780,279892,75888,24,4198.283,98,49,40,21,4,48,77,44,52,9742.283
Port Blair,Hyderabad,"11.6645348,92.7390448","17.360589,78.4740613",2025154,178575,161431,17144,5,2025.154,49,36,15,4,45,44,44,50,31,3180.154
Port Blair,Mumbai,"11.6645348,92.7390448","19.08157715,72.88662753964906",2780542,235965,199770,36195,12,2780.542,65,32,45,10,3,15,55,29,30,5552.5419999999995
Port Blair,Visakhapatnam,"11.6645348,92.7390448","17.7231276,83.3012842",1386853,125943,125343,600,1,1386.853,34,59,3,0,10,0,34,49,3,1617.853
Pune,Ahmedabad,"18.521428,73.8544541","23.0216238,72.5797068",658908,49036,36708,12328,5,658.908,13,37,16,3,25,28,10,11,48,1813.908
Pune,Belgaum,"18.521428,73.8544541","15.8572666,74.5069343",339070,24893,18254,6639,2,339.07,6,54,53,1,50,39,5,4,14,801.0699999999999
Pune,Bengaluru,"18.521428,73.8544541","12.9767936,77.590082",846189,66671,42247,24424,7,846.189,18,31,11,6,47,4,11,44,7,2463.189
Pune,Bhubaneswar,"18.521428,73.8544541","20.2602964,85.8394521",4616572,407058,357081,49977,18,4616.572,113,4,18,13,52,57,99,11,21,8774.572
Pune,Chandigarh,"18.521428,73.8544541","30.7334421,76.7797143",1811457,138916,94305,44611,13,1811.457,38,35,16,12,23,31,26,11,45,4814.457
Pune,Chennai,"18.521428,73.8544541","13.0836939,80.270186",1183047,96094,64015,32079,9,1183.047,26,41,34,8,54,39,17,46,55,3262.047
Pune,Coimbatore,"18.521428,73.8544541","11.0018115,76.9628425",1224424,96470,62674,33796,9,1224.424,26,47,50,9,23,16,17,24,34,3303.424
Pune,Delhi,"18.521428,73.8544541","28.6273928,77.1716954",1566608,123570,84027,39543,12,1566.608,34,19,30,10,59,3,23,20,27,4338.608
Pune,Goa,"18.521428,73.8544541","15.3004543,74.0855134",452723,37862,28037,9825,3,452.723,10,31,2,2,43,45,7,47,17,1145.723
Pune,Hyderabad,"18.521428,73.8544541","17.360589,78.4740613",568055,46003,28845,17158,6,568.055,12,46,43,4,45,58,8,0,45,1954.0549999999998
Pune,Jaipur,"18.521428,73.8544541","26.9154576,75.8189817",1304465,105882,71216,34666,10,1304.465,29,24,42,9,37,46,19,46,56,3614.465
Pune,Jodhpur,"18.521428,73.8544541","26.2967719,73.0351433",1130349,86269,62309,23960,8,1130.349,23,57,49,6,39,20,17,18,29,2978.349
Pune,Kochi,"18.521428,73.8544541","9.9674277,76.2454436",1420643,111985,73760,38225,11,1420.643,31,6,25,10,37,5,20,29,20,3961.643
Pune,Kolkata,"18.521428,73.8544541","22.5726459,88.3638953",4148873,363817,327621,36196,14,4148.873,101,3,37,10,3,16,91,0,21,7382.873
Pune,Mangalore,"18.521428,73.8544541","12.8698101,74.8430082",884274,80073,51017,29056,6,884.274,22,14,33,8,4,16,14,10,17,2270.274
Pune,Mumbai,"18.521428,73.8544541","19.08157715,72.88662753964906",149114,11660,10575,1085,1,149.114,3,14,20,0,18,5,2,56,15,380.11400000000003
Pune,Nagpur,"18.521428,73.8544541","21.1498134,79.0820556",1010381,81795,51716,30079,9,1010.381,22,43,15,8,21,19,14,21,56,3089.381
Pune,Raipur,"18.521428,73.8544541","21.2380912,81.6336993",1297914,106946,68008,38938,11,1297.914,29,42,26,10,48,58,18,53,28,3838.9139999999998
Raipur,Ahmedabad,"21.2380912,81.6336993","23.0216238,72.5797068",1968167,156867,103949,52918,15,1968.167,43,34,27,14,41,58,28,52,29,5433.1669999999995
Raipur,Bhubaneswar,"21.2380912,81.6336993","20.2602964,85.8394521",4815978,424624,369709,54915,16,4815.978,117,57,4,15,15,15,102,41,49,8511.978
Raipur,Chennai,"21.2380912,81.6336993","13.0836939,80.270186",1414231,112651,73118,39533,10,1414.231,31,17,31,10,58,53,20,18,38,3724.2309999999998
Raipur,Delhi,"21.2380912,81.6336993","28.6273928,77.1716954",2882649,230463,152534,77929,22,2882.649,64,1,3,21,38,49,42,22,14,7964.648999999999
Raipur,Hyderabad,"21.2380912,81.6336993","17.360589,78.4740613",782825,63992,43015,20977,5,782.825,17,46,32,5,49,37,11,56,55,1937.825
Raipur,Kolkata,"21.2380912,81.6336993","22.5726459,88.3638953",4344653,379779,338409,41370,12,4344.653,105,29,39,11,29,30,94,0,9,7116.653
Raipur,Mumbai,"21.2380912,81.6336993","19.08157715,72.88662753964906",1451734,118159,77858,40301,11,1451.734,32,49,19,11,11,41,21,37,38,3992.734
Raipur,Nagpur,"21.2380912,81.6336993","21.1498134,79.0820556",286865,23477,17743,5734,2,286.865,6,31,17,1,35,34,4,55,43,748.865
Raipur,Pune,"21.2380912,81.6336993","18.521428,73.8544541",1302257,107625,69192,38433,10,1302.257,29,53,45,10,40,33,19,13,12,3612.257
Raipur,Ranchi,"21.2380912,81.6336993","23.3700501,85.3250387",4771390,419539,365452,54087,15,4771.39,116,32,19,15,1,27,101,30,52,8236.39
Raipur,Visakhapatnam,"21.2380912,81.6336993","17.7231276,83.3012842",1417802,113804,74348,39456,9,1417.802,31,36,44,10,57,36,20,39,8,3496.8019999999997
Rajahmundry,Bengaluru,"17.0050454,81.7804732","12.9767936,77.590082",822404,65323,43448,21875,5,822.404,18,8,43,6,4,35,12,4,8,1977.404
Rajahmundry,Chennai,"17.0050454,81.7804732","13.0836939,80.270186",611017,46394,31569,14825,4,611.017,12,53,14,4,7,5,8,46,9,1535.017
Rajahmundry,Hyderabad,"17.0050454,81.7804732","17.360589,78.4740613",437188,33543,22918,10625,4,437.188,9,19,3,2,57,5,6,21,58,1361.188
Rajahmundry,Tirupati,"17.0050454,81.7804732","13.6316368,79.4231711",572203,44105,30270,13835,4,572.203,12,15,5,3,50,35,8,24,30,1496.203
Rajahmundry,Visakhapatnam,"17.0050454,81.7804732","17.7231276,83.3012842",210844,15580,12357,3223,1,210.844,4,19,40,0,53,43,3,25,57,441.844
Rajkot,Delhi,"22.3053263,70.8028377","28.6273928,77.1716954",1134194,93014,65882,27132,9,1134.194,25,50,14,7,32,12,18,18,2,3213.194
Rajkot,Mumbai,"22.3053263,70.8028377","19.08157715,72.88662753964906",701912,48597,35939,12658,4,701.912,13,29,57,3,30,58,9,58,59,1625.912
Rajkot,Udaipur,"22.3053263,70.8028377","24.578721,73.6862571",477843,34634,27192,7442,3,477.843,9,37,14,2,4,2,7,33,12,1170.843
Ranchi,Bengaluru,"23.3700501,85.3250387","12.9767936,77.590082",3833342,347460,326418,21042,7,3833.342,96,31,0,5,50,42,90,40,18,5450.342000000001
Ranchi,Bhubaneswar,"23.3700501,85.3250387","20.2602964,85.8394521",900365,83867,58887,24980,6,900.365,23,17,47,6,56,20,16,21,27,2286.365
Ranchi,Chennai,"23.3700501,85.3250387","13.0836939,80.270186",3504215,318233,305032,13201,5,3504.215,88,23,53,3,40,1,84,43,52,4659.215
Ranchi,Delhi,"23.3700501,85.3250387","28.6273928,77.1716954",6171916,533629,445829,87800,29,6171.916,148,13,49,24,23,20,123,50,29,12870.916000000001
Ranchi,Hyderabad,"23.3700501,85.3250387","17.360589,78.4740613",4010517,359608,329338,30270,10,4010.517,99,53,28,8,24,30,91,28,58,6320.517
Ranchi,Kolkata,"23.3700501,85.3250387","22.5726459,88.3638953",447357,39907,29289,10618,3,447.357,11,5,7,2,56,58,8,8,9,1140.357
Ranchi,Mumbai,"23.3700501,85.3250387","19.08157715,72.88662753964906",4754120,415681,367623,48058,16,4754.12,115,28,1,13,20,58,102,7,3,8450.119999999999
Ranchi,Raipur,"23.3700501,85.3250387","21.2380912,81.6336993",4798371,422907,369292,53615,16,4798.371,117,28,27,14,53,35,102,34,52,8494.371
Shimla,Chandigarh,"31.1041526,77.1709729","30.7334421,76.7797143",112926,11802,10309,1493,1,112.926,3,16,42,0,24,53,2,51,49,343.926
Shimla,Delhi,"31.1041526,77.1709729","28.6273928,77.1716954",352625,28697,22331,6366,3,352.625,7,58,17,1,46,6,6,12,11,1045.625
Thiruvananthapuram,Bengaluru,"8.4882267,76.947551","12.9767936,77.590082",779040,65847,45974,19873,6,779.04,18,17,27,5,31,13,12,46,14,2165.04
Thiruvananthapuram,Chennai,"8.4882267,76.947551","13.0836939,80.270186",940367,81558,55130,26428,7,940.367,22,39,18,7,20,28,15,18,50,2557.367
Thiruvananthapuram,Hyderabad,"8.4882267,76.947551","17.360589,78.4740613",1354868,108865,74619,34246,10,1354.868,30,14,25,9,30,46,20,43,39,3664.868
Thiruvananthapuram,Kannur,"8.4882267,76.947551","11.8763836,75.3737973",512991,49896,37577,12319,4,512.991,13,51,36,3,25,19,10,26,17,1436.991
Thiruvananthapuram,Kochi,"8.4882267,76.947551","9.9674277,76.2454436",259916,26279,20906,5373,2,259.916,7,17,59,1,29,33,5,48,26,721.9159999999999
Thiruvananthapuram,Mumbai,"8.4882267,76.947551","19.08157715,72.88662753964906",1775213,141925,92958,48967,13,1775.213,39,25,25,13,36,7,25,49,18,4778.213
Tiruchirappalli,Chennai,"10.804973,78.6870296","13.0836939,80.270186",333352,24497,17609,6888,2,333.352,6,48,17,1,54,48,4,53,29,795.352
Tiruchirappalli,Hyderabad,"10.804973,78.6870296","17.360589,78.4740613",915988,69677,47438,22239,7,915.988,19,21,17,6,10,39,13,10,38,2532.9880000000003
Tiruchirappalli,Kochi,"10.804973,78.6870296","9.9674277,76.2454436",514524,39391,28567,10824,3,514.524,10,56,31,3,0,24,7,56,7,1207.524
Tiruchirappalli,Madurai,"10.804973,78.6870296","9.9261153,78.1140983",152476,10419,8839,1580,1,152.476,2,53,39,0,26,20,2,27,19,383.476
Tiruchirappalli,Tiruchirappalli,"10.804973,78.6870296","10.804973,78.6870296",0,0,0,0,0,0.0,0,0,0,0,0,0,0,0,0,0.0
Tirupati,Belgaum,"13.6316368,79.4231711","15.8572666,74.5069343",764583,58760,37277,21483,6,764.583,16,19,20,5,58,3,10,21,17,2150.583
Tirupati,Delhi,"13.6316368,79.4231711","28.6273928,77.1716954",2660503,207048,137520,69528,20,2660.503,57,30,48,19,18,48,38,12,0,7280.503000000001
Tirupati,Hubli,"13.6316368,79.4231711","15.3518378,75.1379848",668725,48333,31555,16778,5,668.725,13,25,33,4,39,38,8,45,55,1823.725
Tirupati,Hyderabad,"13.6316368,79.4231711","17.360589,78.4740613",554827,41715,29234,12481,4,554.827,11,35,15,3,28,1,8,7,14,1478.827
Tirupati,Kochi,"13.6316368,79.4231711","9.9674277,76.2454436",702123,51906,35358,16548,4,702.123,14,25,6,4,35,48,9,49,18,1626.123
Tirupati,Kolhapur,"13.6316368,79.4231711","16.7028412,74.2405329",870561,66137,42642,23495,7,870.561,18,22,17,6,31,35,11,50,42,2487.561
Tirupati,Mumbai,"13.6316368,79.4231711","19.08157715,72.88662753964906",1241577,93881,63407,30474,9,1241.577,26,4,41,8,27,54,17,36,47,3320.577
Tirupati,Rajahmundry,"13.6316368,79.4231711","17.0050454,81.7804732",570306,43303,29892,13411,4,570.306,12,1,43,3,43,31,8,18,12,1494.306
Tirupati,Vijayawada,"13.6316368,79.4231711","16.5087573,80.6185089",413114,30960,21794,9166,3,413.114,8,36,0,2,32,46,6,3,14,1106.114
Tirupati,Visakhapatnam,"13.6316368,79.4231711","17.7231276,83.3012842",778073,61648,42016,19632,5,778.073,17,7,28,5,27,12,11,40,16,1933.0729999999999
Udaipur,Ahmedabad,"24.578721,73.6862571","23.0216238,72.5797068",255958,20219,14404,5815,2,255.958,5,36,59,1,36,55,4,0,4,717.958
Udaipur,Chennai,"24.578721,73.6862571","13.0836939,80.270186",2091144,164724,110517,54207,17,2091.144,45,45,24,15,3,27,30,41,57,6018.144
Udaipur,Delhi,"24.578721,73.6862571","28.6273928,77.1716954",663398,50198,34633,15565,5,663.398,13,56,38,4,19,25,9,37,13,1818.3980000000001
Udaipur,Hyderabad,"24.578721,73.6862571","17.360589,78.4740613",1480681,116384,78173,38211,13,1480.681,32,19,44,10,36,51,21,42,53,4483.6810000000005
Udaipur,Jaipur,"24.578721,73.6862571","26.9154576,75.8189817",401255,32312,21589,10723,3,401.255,8,58,32,2,58,43,5,59,49,1094.255
Udaipur,Mumbai,"24.578721,73.6862571","19.08157715,72.88662753964906",776224,58828,40217,18611,6,776.224,16,20,28,5,10,11,11,10,17,2162.224
Udaipur,Rajkot,"24.578721,73.6862571","22.3053263,70.8028377",477831,35541,26318,9223,4,477.831,9,52,21,2,33,43,7,18,38,1401.8310000000001
Vadodara,Chennai,"22.2973142,73.1942567","13.0836939,80.270186",1732514,133425,89979,43446,13,1732.514,37,3,45,12,4,6,24,59,39,4735.514
Vadodara,Delhi,"22.2973142,73.1942567","28.6273928,77.1716954",1021106,84541,58367,26174,9,1021.106,23,29,1,7,16,14,16,12,47,3100.1059999999998
Vadodara,Hyderabad,"22.2973142,73.1942567","17.360589,78.4740613",1120352,86983,60072,26911,9,1120.352,24,9,43,7,28,31,16,41,12,3199.352
Vadodara,Jaipur,"22.2973142,73.1942567","26.9154576,75.8189817",764195,64251,42195,22056,7,764.195,17,50,51,6,7,36,11,43,15,2381.195
Vadodara,Kolkata,"22.2973142,73.1942567","22.5726459,88.3638953",4707090,403457,357466,45991,17,4707.09,112,4,17,12,46,31,99,17,46,8634.09
Vadodara,Mumbai,"22.2973142,73.1942567","19.08157715,72.88662753964906",410472,30554,22792,7762,2,410.472,8,29,14,2,9,22,6,19,52,872.472
Vadodara,Nagpur,"22.2973142,73.1942567","21.1498134,79.0820556",1566239,121913,81587,40326,11,1566.239,33,51,53,11,12,6,22,39,47,4107.239
